,Original Team,team_id,NameASCII,tjid,fgId,type,years,dollars,aa_options,dup,aaa_options,arb_rate
0,Bayou Shooters,3,David Peterson,davidpeterson,20302,aaa_opt,1,0,,FALSE,TRUE,
1,Bayou Shooters,3,Gavin Lux,gavinlux,19955,aaa_opt,1,0,,FALSE,TRUE,
2,Bayou Shooters,3,Ivan Herrera,ivanherrera,20599,aaa_opt,1,0,,FALSE,TRUE,
3,Bayou Shooters,3,Spencer Schwellenbach,spencerschwellenbach,31846,contract,2,6.25,,FALSE,FALSE,
4,Bayou Shooters,3,Andres Gimenez,andresgimenez,19950,contract,1,6,,FALSE,FALSE,
5,Bayou Shooters,3,Anthony Santander,anthonysantander,14551,contract,1,5,,FALSE,FALSE,
6,Bayou Shooters,3,Brady Singer,bradysinger,25377,contract,1,3,,FALSE,FALSE,
7,Bayou Shooters,3,James Wood,jameswood,29518,contract,7,1,,FALSE,FALSE,
8,Bayou Shooters,3,Gavin Williams,gavinwilliams,30122,pre_arb,2,1,,FALSE,FALSE,
9,Bayou Shooters,3,Taj Bradley,tajbradley,22543,pre_arb,2,1,,FALSE,FALSE,
10,Bayou Shooters,3,Xavier Edwards,xavieredwards,22266,contract,2,1,,FALSE,FALSE,
11,Bayou Shooters,3,Edwin Diaz,edwindiaz,14710,pre_arb,1,1,,FALSE,FALSE,
13,Bayou Shooters,3,Jackson Merrill,jacksonmerrill,29490,pre_arb,1,1,,FALSE,FALSE,
14,Bayou Shooters,3,Oneil Cruz,oneilcruz,21711,pre_arb,1,1,,FALSE,FALSE,
15,Bayou Shooters,3,MJ Melendez,mjmelendez,22197,arb1,,0,,FALSE,FALSE,0.4
16,Bayou Shooters,3,Andrew Abbott,andrewabbott,29911,aaa_opt,1,0,,FALSE,TRUE,
17,Bayou Shooters,3,Michael Lorenzen,michaellorenzen,14843,aaa_opt,1,0,,FALSE,TRUE,
18,Bayou Shooters,3,Edward Cabrera,edwardcabrera,21690,pre_arb,2,1,,FALSE,FALSE,
20,Bayou Shooters,3,Logan Allen,loganallen1,27589,pre_arb,1,1,,FALSE,FALSE,
21,Bayou Shooters,3,Ryne Nelson,rynenelson,26253,pre_arb,1,1,,FALSE,FALSE,
22,Bayou Shooters,3,Alejandro Rosario,alejandrorosario,sa3023538,aa,,0,3,FALSE,FALSE,
23,Bayou Shooters,3,Braden Montgomery,bradenmontgomery,sa3038253,aa,,0,3,FALSE,FALSE,
24,Bayou Shooters,3,Brady House,bradyhouse,29993,aa,,0,3,FALSE,FALSE,
25,Bayou Shooters,3,Demetrio Crisantes,demetriocrisantes,sa3021051,aa,,0,3,FALSE,FALSE,
26,Bayou Shooters,3,Dustin Harris,dustinharris,25705,aa,,0,3,FALSE,FALSE,
27,Bayou Shooters,3,Dustin May,dustinmay,19716,aa,,0,1,FALSE,FALSE,
28,Bayou Shooters,3,Hurston Waldrep,hurstonwaldrep,33527,aa,,0,3,FALSE,FALSE,
29,Bayou Shooters,3,Josue Briceno,josuebriceno,sa3018584,aa,,0,3,FALSE,FALSE,
30,Bayou Shooters,3,Josue De Paula,josuedepaula,sa3018591,aa,,0,3,FALSE,FALSE,
31,Bayou Shooters,3,Kyle Bradish,kylebradish,24586,aa,,0,3,FALSE,FALSE,
32,Bayou Shooters,3,Liam Doyle,liamdoyle,sa3030545,aa,,0,3,FALSE,FALSE,
33,Bayou Shooters,3,Miguel Bleis,miguelbleis,sa3016834,aa,,0,3,FALSE,FALSE,
34,Bayou Shooters,3,River Ryan,riverryan,29514,aa,,0,3,FALSE,FALSE,
35,Bayou Shooters,3,Ronny Mauricio,ronnymauricio,23698,aa,,0,3,FALSE,FALSE,
36,The Cheating Raiders,1,Austin Riley,austinriley,18360,arb3,,0,,FALSE,FALSE,0.8
37,The Cheating Raiders,1,Dylan Cease,dylancease,18525,arb3,,0,,FALSE,FALSE,0.8
38,The Cheating Raiders,1,Nathaniel Lowe,nathaniellowe,19566,arb3,,0,,FALSE,FALSE,0.8
39,The Cheating Raiders,1,Logan Gilbert,logangilbert,22250,arb2,,0,,FALSE,FALSE,0.6
40,The Cheating Raiders,1,Tarik Skubal,tarikskubal,22267,arb2,,0,,FALSE,FALSE,0.6
41,The Cheating Raiders,1,Adley Rutschman,adleyrutschman,26288,arb1,,0,,FALSE,FALSE,0.4
42,The Cheating Raiders,1,Bobby Witt Jr.,bobbywittjr,25764,arb1,,0,,FALSE,FALSE,0.4
43,The Cheating Raiders,1,Clarke Schmidt,clarkeschmidt,19899,arb1,,0,,FALSE,FALSE,0.4
44,The Cheating Raiders,1,J.P. Crawford,jpcrawford,15491,aaa_opt,1,0,,FALSE,TRUE,
45,The Cheating Raiders,1,Manny Machado,mannymachado,11493,contract,1,7,,FALSE,FALSE,
46,The Cheating Raiders,1,Nick Kurtz,nickkurtz,35110,contract,10,1.13,,FALSE,FALSE,
47,The Cheating Raiders,1,Nico Hoerner,nicohoerner,21479,contract,1,1,,FALSE,FALSE,
48,The Cheating Raiders,1,Tanner Bibee,tannerbibee,30134,pre_arb,1,1,,FALSE,FALSE,
49,The Cheating Raiders,1,Jason Adam,jasonadam,11861,aaa_opt,1,0,,FALSE,TRUE,
50,The Cheating Raiders,1,Javier Baez,javierbaez,12979,aaa_opt,1,0,,FALSE,TRUE,
51,The Cheating Raiders,1,Michael Conforto,michaelconforto,16376,aaa_opt,1,0,,FALSE,TRUE,
52,The Cheating Raiders,1,Nolan Gorman,nolangorman,22263,aaa_opt,1,0,,FALSE,TRUE,
53,The Cheating Raiders,1,Cade Povich,cadepovich,30055,aa,,0,3,FALSE,FALSE,
54,The Cheating Raiders,1,Chase Dollander,chasedollander,33482,aa,,0,3,FALSE,FALSE,
55,The Cheating Raiders,1,Colson Montgomery,colsonmontgomery,29712,aa,,0,3,FALSE,FALSE,
56,The Cheating Raiders,1,Drew Thorpe,drewthorpe,31967,aa,,0,3,FALSE,FALSE,
57,The Cheating Raiders,1,Edwin Uceta,edwinuceta,20539,aa,,0,3,FALSE,FALSE,
58,The Cheating Raiders,1,Maikel Garcia,maikelgarcia,22715,aa,,0,2,FALSE,FALSE,
59,The Cheating Raiders,1,Matt Shaw,mattshaw,33322,aa,,0,3,FALSE,FALSE,
60,The Cheating Raiders,1,Thomas Harrington,thomasharrington,31989,aa,,0,3,FALSE,FALSE,
61,The Cheating Raiders,1,Tyler Black,tylerblack,29949,aa,,0,3,FALSE,FALSE,
62,The Cheating Raiders,1,Vance Honeycutt,vancehoneycutt,sa3025526,aa,,0,3,FALSE,FALSE,
63,Country Strong,10,Brandon Lowe,brandonlowe,18882,arb3,,0,,FALSE,FALSE,0.8
64,Country Strong,10,Freddy Peralta,freddyperalta,18679,arb3,,0,,FALSE,FALSE,0.8
65,Country Strong,10,Shota Imanaga,shotaimanaga,33829,contract,1,2.35,,FALSE,FALSE,
66,Country Strong,10,Cristopher Sanchez,cristophersanchez,20778,contract,1,1.5,,FALSE,FALSE,
67,Country Strong,10,Jackson Chourio,jacksonchourio,28806,contract,8,1.1,,FALSE,FALSE,
68,Country Strong,10,CJ Abrams,cjabrams,25768,contract,7,1,,FALSE,FALSE,
69,Country Strong,10,Jack Leiter,jackleiter,30146,contract,5,1,,FALSE,FALSE,
70,Country Strong,10,Yoshinobu Yamamoto,yoshinobuyamamoto,33825,contract,3,1,,FALSE,FALSE,
71,Country Strong,10,Felix Bautista,felixbautista,20666,pre_arb,2,1,,FALSE,FALSE,
72,Country Strong,10,Fernando Tatis Jr.,fernandotatisjr,19709,contract,2,1,,FALSE,FALSE,
73,Country Strong,10,Lucas Giolito,lucasgiolito,15474,pre_arb,2,1,,FALSE,FALSE,
74,Country Strong,10,Miguel Vargas,miguelvargas,20178,pre_arb,2,1,,FALSE,FALSE,
75,Country Strong,10,Gunnar Henderson,gunnarhenderson,26289,pre_arb,1,1,,FALSE,FALSE,
76,Country Strong,10,Jacob deGrom,jacobdegrom,10954,contract,1,1,,FALSE,FALSE,
77,Country Strong,10,Eloy Jimenez,eloyjimenez,17484,cut,1,1,,FALSE,FALSE,
78,Country Strong,10,Alejandro Kirk,alejandrokirk,22581,aaa_opt,1,0,,FALSE,TRUE,
79,Country Strong,10,Camilo Doval,camilodoval,21992,aaa_opt,1,0,,FALSE,TRUE,
80,Country Strong,10,Joe Boyle,joeboyle,29608,aaa_opt,1,0,,FALSE,TRUE,
81,Country Strong,10,Josh Smith,joshsmith,26396,aaa_opt,1,0,,FALSE,TRUE,
82,Country Strong,10,Zack Littell,zacklittell,15823,aaa_opt,1,0,,FALSE,TRUE,
83,Country Strong,10,Mike Trout,miketrout,10155,contract,1,5,,FALSE,FALSE,
84,Country Strong,10,Nolan Jones,nolanjones,20529,contract,1,4.5,,FALSE,FALSE,
85,Country Strong,10,Jackson Holliday,jacksonholliday,31781,contract,8,1.15,,FALSE,FALSE,
86,Country Strong,10,Kevin McGonigle,kevinmcgonigle,sa3022895,contract,9,1,,FALSE,FALSE,
87,Country Strong,10,Munetaka Murakami,munetakamurakami,sa3063258,contract,5,1,,FALSE,FALSE,
88,Country Strong,10,Zebby Matthews,zebbymatthews,31827,contract,4,1,,FALSE,FALSE,
89,Country Strong,10,Christian Encarnacion-Strand,christianencarnacionstrand,30011,pre_arb,1,1,,FALSE,FALSE,
90,Country Strong,10,Kyle Harrison,kyleharrison,27758,pre_arb,1,1,,FALSE,FALSE,
91,Country Strong,10,Cristian Javier,cristianjavier,17606,aa,,0,3,FALSE,FALSE,
92,Country Strong,10,Grant Taylor,granttaylor,33927,aa,,0,3,FALSE,FALSE,
93,Country Strong,10,Justin Lebron,justinlebron,sa3036129,aa,,0,3,FALSE,FALSE,
94,Country Strong,10,Kyle Manzardo,kylemanzardo,29794,aa,,0,2,FALSE,FALSE,
95,Country Strong,10,Richard Fitts,richardfitts,30160,aa,,0,2,FALSE,FALSE,
96,Country Strong,10,Sebastian Walcott,sebastianwalcott,sa3021069,aa,,0,3,FALSE,FALSE,
97,Country Strong,10,Shane Baz,shanebaz,22264,aa,,0,1,FALSE,FALSE,
98,Detroit Nittany Tide,5,Hunter Greene,huntergreene,22182,arb1,,0,,FALSE,FALSE,0.4
99,Detroit Nittany Tide,5,MacKenzie Gore,mackenziegore,22201,arb1,,0,,FALSE,FALSE,0.4
100,Detroit Nittany Tide,5,Nick Lodolo,nicklodolo,26378,arb1,,0,,FALSE,FALSE,0.4
101,Detroit Nittany Tide,5,Andrew Vaughn,andrewvaughn,26197,aaa_opt,1,0,,FALSE,TRUE,
102,Detroit Nittany Tide,5,Jake Irvin,jakeirvin,21504,aaa_opt,1,0,,FALSE,TRUE,
103,Detroit Nittany Tide,5,Jake Rogers,jakerogers,19452,aaa_opt,1,0,,FALSE,TRUE,
104,Detroit Nittany Tide,5,Luke Weaver,lukeweaver,16918,aaa_opt,1,0,,FALSE,TRUE,
105,Detroit Nittany Tide,5,Seiya Suzuki,seiyasuzuki,30116,contract,2,6,,FALSE,FALSE,
106,Detroit Nittany Tide,5,Jonathan India,jonathanindia,21523,contract,1,4,,FALSE,FALSE,
107,Detroit Nittany Tide,5,Zack Gelof,zackgelof,29766,contract,1,3.25,,FALSE,FALSE,
108,Detroit Nittany Tide,5,Daulton Varsho,daultonvarsho,19918,contract,1,2,,FALSE,FALSE,
109,Detroit Nittany Tide,5,Yainer Diaz,yainerdiaz,23003,contract,1,2,,FALSE,FALSE,
110,Detroit Nittany Tide,5,Spencer Torkelson,spencertorkelson,27465,contract,6,1.5,,FALSE,FALSE,
111,Detroit Nittany Tide,5,Jackson Jobe,jacksonjobe,30203,pre_arb,2,1,,FALSE,FALSE,
112,Detroit Nittany Tide,5,Chase Silseth,chasesilseth,30074,pre_arb,1,1,,FALSE,FALSE,
113,Detroit Nittany Tide,5,Josh Lowe,joshlowe,19953,pre_arb,1,1,,FALSE,FALSE,
114,Detroit Nittany Tide,5,Mickey Moniak,mickeymoniak,19956,pre_arb,1,1,,FALSE,FALSE,
115,Detroit Nittany Tide,5,Paul Skenes,paulskenes,33677,pre_arb,1,1,,FALSE,FALSE,
116,Detroit Nittany Tide,5,Andre Pallante,andrepallante,26108,aaa_opt,1,0,,FALSE,TRUE,
117,Detroit Nittany Tide,5,Austin Gomber,austingomber,16561,aaa_opt,1,0,,FALSE,TRUE,
118,Detroit Nittany Tide,5,Chad Green,chadgreen,15552,aaa_opt,1,0,,FALSE,TRUE,
119,Detroit Nittany Tide,5,Jose Caballero,josecaballero,23401,aaa_opt,1,0,,FALSE,TRUE,
120,Detroit Nittany Tide,5,Trey Sweeney,treysweeney,29575,aaa_opt,1,0,,FALSE,TRUE,
121,Detroit Nittany Tide,5,Austin Martin,austinmartin,27462,pre_arb,1,1,,FALSE,FALSE,
122,Detroit Nittany Tide,5,Ian Anderson,iananderson,19951,contract,1,1,,FALSE,FALSE,
124,Detroit Nittany Tide,5,Addison Barger,addisonbarger,24598,aa,,0,2,FALSE,FALSE,
125,Detroit Nittany Tide,5,Brody Brecht,brodybrecht,sa3027632,aa,,0,3,FALSE,FALSE,
126,Detroit Nittany Tide,5,Cris Rodriguez,crisrodriguez,sa3066593,aa,,0,3,FALSE,FALSE,
127,Detroit Nittany Tide,5,Cristhian Vaquero,cristhianvaquero,sa3018403,aa,,0,3,FALSE,FALSE,
128,Detroit Nittany Tide,5,Eli Willits,eliwillits,sa3069164,aa,,0,3,FALSE,FALSE,
129,Detroit Nittany Tide,5,Enrique Bradfield Jr.,enriquebradfieldjr,sa3022917,aa,,0,3,FALSE,FALSE,
130,Detroit Nittany Tide,5,Heston Kjerstad,hestonkjerstad,31166,aa,,0,3,FALSE,FALSE,
131,Detroit Nittany Tide,5,Jordyn Adams,jordynadams,23788,aa,,0,3,FALSE,FALSE,
132,Detroit Nittany Tide,5,Kevin Alcantara,kevinalcantara,25971,aa,,0,3,FALSE,FALSE,
133,Detroit Nittany Tide,5,Max Clark,maxclark,sa3022683,aa,,0,3,FALSE,FALSE,
134,Detroit Nittany Tide,5,Travis Honeyman,travishoneyman,sa3023679,aa,,0,3,FALSE,FALSE,
135,Detroit Nittany Tide,5,Yohandy Morales,yohandymorales,sa3022672,aa,,0,3,FALSE,FALSE,
136,Dip City Thunder,8,Alec Bohm,alecbohm,21618,arb3,,0,,FALSE,FALSE,0.8
137,Dip City Thunder,8,Jeremy Pena,jeremypena,21636,arb2,,0,,FALSE,FALSE,0.6
138,Dip City Thunder,8,Julio Rodriguez,juliorodriguez,23697,arb2,,0,,FALSE,FALSE,0.6
139,Dip City Thunder,8,Jarren Duran,jarrenduran,24617,arb1,,0,,FALSE,FALSE,0.4
140,Dip City Thunder,8,Spencer Steer,spencersteer,26323,arb1,,0,,FALSE,FALSE,0.4
141,Dip City Thunder,8,Heliot Ramos,heliotramos,22515,aaa_opt,1,0,,FALSE,TRUE,
142,Dip City Thunder,8,Otto Lopez,ottolopez,19608,aaa_opt,1,0,,FALSE,TRUE,
143,Dip City Thunder,8,Ryan Jeffers,ryanjeffers,24618,aaa_opt,1,0,,FALSE,TRUE,
144,Dip City Thunder,8,Bryan Woo,bryanwoo,30279,contract,1,4.5,,FALSE,FALSE,
145,Dip City Thunder,8,Grant Holmes,grantholmes,16944,contract,1,1,,FALSE,FALSE,
146,Dip City Thunder,8,Jose Soriano,josesoriano,22100,contract,1,1,,FALSE,FALSE,
147,Dip City Thunder,8,Mason Miller,masonmiller,31757,contract,1,1,,FALSE,FALSE,
148,Dip City Thunder,8,Michael Busch,michaelbusch,26319,pre_arb,1,1,,FALSE,FALSE,
149,Dip City Thunder,8,Royce Lewis,roycelewis,20437,pre_arb,1,1,,FALSE,FALSE,
150,Dip City Thunder,8,Davis Martin,davismartin,21448,aaa_opt,1,0,,FALSE,TRUE,
151,Dip City Thunder,8,Hayden Wesneski,haydenwesneski,27581,aaa_opt,1,0,,FALSE,TRUE,
152,Dip City Thunder,8,Michael McGreevy,michaelmcgreevy,29869,aaa_opt,1,0,,FALSE,TRUE,
153,Dip City Thunder,8,Tyler Anderson,tyleranderson,12880,aaa_opt,1,0,,FALSE,TRUE,
154,Dip City Thunder,8,Tyler Kinley,tylerkinley,18297,aaa_opt,1,0,,FALSE,TRUE,
155,Dip City Thunder,8,Triston Casas,tristoncasas,22514,pre_arb,1,1,,FALSE,FALSE,
156,Dip City Thunder,8,Ben Brown,benbrown,23590,aa,,0,2,FALSE,FALSE,
157,Dip City Thunder,8,Braylon Payne,braylonpayne,sa3025647,aa,,0,3,FALSE,FALSE,
158,Dip City Thunder,8,Cam Smith,camsmith,35108,aa,,0,2,FALSE,FALSE,
159,Dip City Thunder,8,Emil Morales,emilmorales,sa3023887,aa,,0,3,FALSE,FALSE,
160,Dip City Thunder,8,Emmanuel Rodriguez,emmanuelrodriguez,sa3014693,aa,,0,3,FALSE,FALSE,
161,Dip City Thunder,8,Ethan Holliday,ethanholliday,sa3069100,aa,,0,3,FALSE,FALSE,
162,Dip City Thunder,8,Hayden Birdsong,haydenbirdsong,31635,aa,,0,3,FALSE,FALSE,
163,Dip City Thunder,8,Jaison Chourio,jaisonchourio,sa3018399,aa,,0,3,FALSE,FALSE,
164,Dip City Thunder,8,Lazaro Montes,lazaromontes,sa3018409,aa,,0,3,FALSE,FALSE,
165,Dip City Thunder,8,Orelvis Martinez,orelvismartinez,25967,aa,,0,3,FALSE,FALSE,
166,Dip City Thunder,8,Parker Meadows,parkermeadows,23800,aa,,0,1,FALSE,FALSE,
167,Dip City Thunder,8,Thomas White,thomaswhite,sa3023268,aa,,0,3,FALSE,FALSE,
168,Midtown Jaguars,19,Kyle Tucker,kyletucker,18345,arb3,,0,,FALSE,FALSE,0.8
169,Midtown Jaguars,19,Jazz Chisholm Jr.,jazzchisholmjr,20454,arb2,,0,,FALSE,FALSE,0.6
170,Midtown Jaguars,19,Keibert Ruiz,keibertruiz,19610,arb2,,0,,FALSE,FALSE,0.6
171,Midtown Jaguars,19,Bryce Miller,brycemiller,29837,arb1,,0,,FALSE,FALSE,0.4
172,Midtown Jaguars,19,Carlos Santana,carlossantana,2396,aaa_opt,1,0,,FALSE,TRUE,
173,Midtown Jaguars,19,Chris Martin,chrismartin,11847,aaa_opt,1,0,,FALSE,TRUE,
175,Midtown Jaguars,19,Luis Ortiz,luisortiz1,27646,aaa_opt,1,0,,FALSE,TRUE,
176,Midtown Jaguars,19,Matt Wallner,mattwallner,26466,aaa_opt,1,0,,FALSE,TRUE,
177,Midtown Jaguars,19,Max Kepler,maxkepler,12144,aaa_opt,1,0,,FALSE,TRUE,
178,Midtown Jaguars,19,Sean Murphy,seanmurphy,19352,aaa_opt,1,0,,FALSE,TRUE,
179,Midtown Jaguars,19,Bo Bichette,bobichette,19612,contract,1,4,,FALSE,FALSE,
180,Midtown Jaguars,19,Randy Arozarena,randyarozarena,19290,contract,1,2.8,,FALSE,FALSE,
181,Midtown Jaguars,19,Reynaldo Lopez,reynaldolopez,16400,contract,1,2.01,,FALSE,FALSE,
182,Midtown Jaguars,19,Bowden Francis,bowdenfrancis,20548,contract,2,1.1,,FALSE,FALSE,
183,Midtown Jaguars,19,Luis Robert Jr.,luisrobertjr,20043,contract,1,1,,FALSE,FALSE,
184,Midtown Jaguars,19,Grayson Rodriguez,graysonrodriguez,24492,arb1,,0,,FALSE,FALSE,0.4
185,Midtown Jaguars,19,Hunter Brown,hunterbrown,25880,arb1,,0,,FALSE,FALSE,0.4
186,Midtown Jaguars,19,Vinnie Pasquantino,vinniepasquantino,27676,arb1,,0,,FALSE,FALSE,0.4
187,Midtown Jaguars,19,Ha-Seong Kim,haseongkim,27506,aaa_opt,1,0,,FALSE,TRUE,
188,Midtown Jaguars,19,Yoan Moncada,yoanmoncada,17232,aaa_opt,1,0,,FALSE,TRUE,
189,Midtown Jaguars,19,Bo Naylor,bonaylor,21865,pre_arb,1,1,,FALSE,FALSE,
190,Midtown Jaguars,19,Agustin Ramirez,agustinramirez,26546,aa,,0,3,FALSE,FALSE,
191,Midtown Jaguars,19,Aidan Smith,aidansmith,sa3022611,aa,,0,3,FALSE,FALSE,
193,Midtown Jaguars,19,Angel Genao,angelgenao,sa3015706,aa,,0,3,FALSE,FALSE,
194,Midtown Jaguars,19,Carson Whisenhunt,carsonwhisenhunt,31676,aa,,0,3,FALSE,FALSE,
195,Midtown Jaguars,19,Carson Williams,carsonwilliams,30038,aa,,0,3,FALSE,FALSE,
196,Midtown Jaguars,19,Christian Moore,christianmoore,34979,aa,,0,3,FALSE,FALSE,
197,Midtown Jaguars,19,Cooper Pratt,cooperpratt,sa3022867,aa,,0,3,FALSE,FALSE,
198,Midtown Jaguars,19,Gary Gill Hill,garygillhill,sa3020972,aa,,0,3,FALSE,FALSE,
199,Midtown Jaguars,19,Jonah Tong,jonahtong,32157,aa,,0,3,FALSE,FALSE,
200,Midtown Jaguars,19,Justin Crawford,justincrawford,sa3020240,aa,,0,3,FALSE,FALSE,
201,Midtown Jaguars,19,Noah Schultz,noahschultz,sa3020949,aa,,0,3,FALSE,FALSE,
202,Midtown Jaguars,19,Oswald Peraza,oswaldperaza,22823,aa,,0,3,FALSE,FALSE,
203,Midtown Jaguars,19,Owen Caissie,owencaissie,27496,aa,,0,3,FALSE,FALSE,
204,Midtown Jaguars,19,Ryan Clifford,ryanclifford,sa3020126,aa,,0,3,FALSE,FALSE,
205,Midtown Jaguars,19,Spencer Jones,spencerjones,sa3019969,aa,,0,3,FALSE,FALSE,
206,Midtown Jaguars,19,Tyler Soderstrom,tylersoderstrom,27467,aa,,0,3,FALSE,FALSE,
207,Orlando Renegades,6,Connor Wong,connorwong,19896,aaa_opt,1,0,,FALSE,TRUE,
208,Orlando Renegades,6,Eduardo Rodriguez,eduardorodriguez,13164,aaa_opt,1,0,,FALSE,TRUE,
209,Orlando Renegades,6,Griffin Jax,griffinjax,20253,aaa_opt,1,0,,FALSE,TRUE,
210,Orlando Renegades,6,Jonathan Aranda,jonathanaranda,21837,aaa_opt,1,0,,FALSE,TRUE,
211,Orlando Renegades,6,Jorge Soler,jorgesoler,14221,aaa_opt,1,0,,FALSE,TRUE,
212,Orlando Renegades,6,JP Sears,jpsears,23429,aaa_opt,1,0,,FALSE,TRUE,
213,Orlando Renegades,6,Lane Thomas,lanethomas,16939,aaa_opt,1,0,,FALSE,TRUE,
214,Orlando Renegades,6,Luis Rengifo,luisrengifo,19858,aaa_opt,1,0,,FALSE,TRUE,
215,Orlando Renegades,6,Tyler O'Neill,tyleroneill,15711,aaa_opt,1,0,,FALSE,TRUE,
217,Orlando Renegades,6,Freddie Freeman,freddiefreeman,5361,contract,1,12.1,,FALSE,FALSE,
218,Orlando Renegades,6,Joe Ryan,joeryan,21390,contract,1,5.5,,FALSE,FALSE,
219,Orlando Renegades,6,Spencer Arrighetti,spencerarrighetti,29921,contract,2,3.4,,FALSE,FALSE,
220,Orlando Renegades,6,Gerrit Cole,gerritcole,13125,contract,1,2.2,,FALSE,FALSE,
221,Orlando Renegades,6,Robbie Ray,robbieray,11486,contract,1,2,,FALSE,FALSE,
222,Orlando Renegades,6,Ezequiel Tovar,ezequieltovar,24064,contract,3,1.05,,FALSE,FALSE,
223,Orlando Renegades,6,Dylan Crews,dylancrews,33541,pre_arb,2,1,,FALSE,FALSE,
224,Orlando Renegades,6,Junior Caminero,juniorcaminero,28163,pre_arb,2,1,,FALSE,FALSE,
225,Orlando Renegades,6,Wyatt Langford,wyattlangford,33333,pre_arb,2,1,,FALSE,FALSE,
226,Orlando Renegades,6,Ryan Pepiot,ryanpepiot,26221,pre_arb,1,1,,FALSE,FALSE,
227,Orlando Renegades,6,Trevor Bauer,trevorbauer,12703,cut,1,3.31,,FALSE,FALSE,
228,Orlando Renegades,6,Andrew Heaney,andrewheaney,15423,aaa_opt,1,0,,FALSE,TRUE,
229,Orlando Renegades,6,Isiah Kiner-Falefa,isiahkinerfalefa,16512,aaa_opt,1,0,,FALSE,TRUE,
230,Orlando Renegades,6,Jose Quintana,josequintana,11423,aaa_opt,1,0,,FALSE,TRUE,
231,Orlando Renegades,6,Matt Vierling,mattvierling,21558,aaa_opt,1,0,,FALSE,TRUE,
232,Orlando Renegades,6,Miles Mikolas,milesmikolas,9803,aaa_opt,1,0,,FALSE,TRUE,
233,Orlando Renegades,6,Seth Halvorsen,sethhalvorsen,33294,aaa_opt,1,0,,FALSE,TRUE,
234,Orlando Renegades,6,Bobby Miller,bobbymiller,27483,pre_arb,1,1,,FALSE,FALSE,
235,Orlando Renegades,6,Colt Emerson,coltemerson,sa3022923,contract,10,1,,FALSE,FALSE,
236,Orlando Renegades,6,Brandon Sproat,brandonsproat,33850,contract,5,1,,FALSE,FALSE,
237,Orlando Renegades,6,Andy Pages,andypages,24816,aa,,0,1,FALSE,FALSE,
238,Orlando Renegades,6,Brayden Taylor,braydentaylor,sa3022921,aa,,0,3,FALSE,FALSE,
239,Orlando Renegades,6,Bubba Chandler,bubbachandler,29868,aa,,0,3,FALSE,FALSE,
240,Orlando Renegades,6,Cade Horton,cadehorton,31872,aa,,0,3,FALSE,FALSE,
241,Orlando Renegades,6,Cam Collier,camcollier,sa3020131,aa,,0,3,FALSE,FALSE,
242,Orlando Renegades,6,David Festa,davidfesta,30056,aa,,0,3,FALSE,FALSE,
243,Orlando Renegades,6,Drake Baldwin,drakebaldwin,31539,aa,,0,3,FALSE,FALSE,
244,Orlando Renegades,6,Drew Burress,drewburress,sa3028100,aa,,0,3,FALSE,FALSE,
245,Orlando Renegades,6,Jac Caglianone,jaccaglianone,35041,aa,,0,3,FALSE,FALSE,
246,Orlando Renegades,6,Jace LaViolette,jacelaviolette,sa3036058,aa,,0,3,FALSE,FALSE,
247,Orlando Renegades,6,Joendry Vargas,joendryvargas,sa3021067,aa,,0,3,FALSE,FALSE,
248,Orlando Renegades,6,Kyle Teel,kyleteel,33549,aa,,0,3,FALSE,FALSE,
249,Orlando Renegades,6,Robert Calaz,robertcalaz,sa3021078,aa,,0,3,FALSE,FALSE,
250,Orlando Renegades,6,Sal Stewart,salstewart,31505,aa,,0,3,FALSE,FALSE,
251,Orlando Renegades,6,Travis Bazzana,travisbazzana,sa3025129,aa,,0,3,FALSE,FALSE,
252,Orlando Renegades,6,Travis Sykora,travissykora,sa3023557,aa,,0,3,FALSE,FALSE,
253,Orlando Renegades,6,Tyler Fitzgerald,tylerfitzgerald,26208,aa,,0,2,FALSE,FALSE,
254,Orlando Renegades,6,Walker Jenkins,walkerjenkins,sa3022894,aa,,0,3,FALSE,FALSE,
255,Orlando Renegades,6,Yoeilin Cespedes,yoeilincespedes,sa3021085,aa,,0,3,FALSE,FALSE,
256,Ryno World,4,George Kirby,georgekirby,25436,arb1,,0,,FALSE,FALSE,0.4
257,Ryno World,4,Josh Jung,joshjung,26299,arb1,,0,,FALSE,FALSE,0.4
258,Ryno World,4,Michael Harris II,michaelharrisii,25931,arb1,,0,,FALSE,FALSE,0.4
259,Ryno World,4,Michael Kopech,michaelkopech,17282,arb1,,0,,FALSE,FALSE,0.4
260,Ryno World,4,Alec Burleson,alecburleson,27615,aaa_opt,1,0,,FALSE,TRUE,
261,Ryno World,4,Bailey Falter,baileyfalter,20070,aaa_opt,1,0,,FALSE,TRUE,
262,Ryno World,4,Justin Verlander,justinverlander,8700,aaa_opt,1,0,,FALSE,TRUE,
263,Ryno World,4,Lourdes Gurriel Jr.,lourdesgurrieljr,19238,aaa_opt,1,0,,FALSE,TRUE,
264,Ryno World,4,Shohei Ohtani,shoheiohtani,19755,contract,1,30.5,,FALSE,FALSE,
265,Ryno World,4,Ronald Acuna Jr.,ronaldacunajr,18401,contract,3,11.75,,FALSE,FALSE,
266,Ryno World,4,Zac Gallen,zacgallen,19291,contract,1,7,,FALSE,FALSE,
267,Ryno World,4,Ozzie Albies,ozziealbies,16556,contract,1,4.85,,FALSE,FALSE,
268,Ryno World,4,Lawrence Butler,lawrencebutler,22542,contract,3,4.3,,FALSE,FALSE,
269,Ryno World,4,Steven Kwan,stevenkwan,24610,contract,1,3,,FALSE,FALSE,
270,Ryno World,4,Kumar Rocker,kumarrocker,31843,contract,4,1.85,,FALSE,FALSE,
271,Ryno World,4,Kristian Campbell,kristiancampbell,33644,contract,7,1.55,,FALSE,FALSE,
272,Ryno World,4,Casey Mize,caseymize,20492,contract,3,1,,FALSE,FALSE,
273,Ryno World,4,Shane Bieber,shanebieber,19427,contract,3,1,,FALSE,FALSE,
276,Ryno World,4,Luis Garcia,luisgarcia2,23735,pre_arb,2,1,,FALSE,FALSE,
277,Ryno World,4,Joey Bart,joeybart,21524,contract,1,1,,FALSE,FALSE,
278,Ryno World,4,Jose Miranda,josemiranda,20538,arb1,,0,,FALSE,FALSE,0.4
279,Ryno World,4,Jonah Heim,jonahheim,16930,aaa_opt,1,0,,FALSE,TRUE,
280,Ryno World,4,Mitch Spence,mitchspence,27707,aaa_opt,1,0,,FALSE,TRUE,
281,Ryno World,4,Trevor Story,trevorstory,12564,aaa_opt,1,0,,FALSE,TRUE,
282,Ryno World,4,Walker Buehler,walkerbuehler,19374,contract,1,1.69,,FALSE,FALSE,
283,Ryno World,4,Louis Varland,louisvarland,27691,contract,1,1,,FALSE,FALSE,
284,Ryno World,4,Yennier Cano,yenniercano,25911,aaa_opt,1,0,,FALSE,TRUE,
285,Ryno World,4,Druw Jones,druwjones,sa3020676,contract,8,1,,FALSE,FALSE,
286,Ryno World,4,Zac Veen,zacveen,27770,contract,7,1,,FALSE,FALSE,
287,Ryno World,4,Ben Joyce,benjoyce,31461,aa,,0,3,FALSE,FALSE,
288,Ryno World,4,Brodie Johnston,brodiejohnston,sa3065063,aa,,0,3,FALSE,FALSE,
289,Ryno World,4,Bryce Rainer,brycerainer,sa3066592,aa,,0,3,FALSE,FALSE,
290,Ryno World,4,Chase Burns,chaseburns,35333,aa,,0,3,FALSE,FALSE,
291,Ryno World,4,Ethan Salas,ethansalas,sa3020881,aa,,0,3,FALSE,FALSE,
292,Ryno World,4,Hagen Smith,hagensmith,sa3025544,aa,,0,3,FALSE,FALSE,
293,Ryno World,4,Henry Davis,henrydavis,29617,aa,,0,2,FALSE,FALSE,
294,Ryno World,4,Jace Jung,jacejung,31437,aa,,0,3,FALSE,FALSE,
295,Ryno World,4,Jacob Gonzalez,jacobgonzalez,sa3022498,aa,,0,3,FALSE,FALSE,
296,Ryno World,4,Jamie Arnold,jamiearnold,sa3026225,aa,,0,3,FALSE,FALSE,
297,Ryno World,4,Liam Hendriks,liamhendriks,3548,aa,,0,3,FALSE,FALSE,
298,Ryno World,4,Luisangel Acuna,luisangelacuna,26548,aa,,0,3,FALSE,FALSE,
299,Ryno World,4,Noble Meyer,noblemeyer,sa3022945,aa,,0,3,FALSE,FALSE,
300,Ryno World,4,Robby Snelling,robbysnelling,sa3020707,aa,,0,3,FALSE,FALSE,
301,Ryno World,4,Xavier Isaac,xavierisaac,sa3020498,aa,,0,3,FALSE,FALSE,
302,Springfield Zephyrs,7,Bryson Stott,brysonstott,26294,arb1,,0,,FALSE,FALSE,0.4
303,Springfield Zephyrs,7,Gabriel Moreno,gabrielmoreno,22664,arb1,,0,,FALSE,FALSE,0.4
304,Springfield Zephyrs,7,Matthew Boyd,matthewboyd,15440,aaa_opt,1,0,,FALSE,TRUE,
305,Springfield Zephyrs,7,Tylor Megill,tylormegill,21318,contract,2,1.5,,FALSE,FALSE,
306,Springfield Zephyrs,7,Ceddanne Rafaela,ceddannerafaela,24262,pre_arb,2,1,,FALSE,FALSE,
307,Springfield Zephyrs,7,Connor Norby,connornorby,29592,pre_arb,2,1,,FALSE,FALSE,
308,Springfield Zephyrs,7,Pete Crow-Armstrong,petecrowarmstrong,27769,pre_arb,2,1,,FALSE,FALSE,
309,Springfield Zephyrs,7,Reese Olson,reeseolson,24968,contract,1,1,,FALSE,FALSE,
310,Springfield Zephyrs,7,Zach Neto,zachneto,31347,pre_arb,1,1,,FALSE,FALSE,
311,Springfield Zephyrs,7,Brendan McKay,brendanmckay,20186,cut,1,1,,FALSE,FALSE,
312,Springfield Zephyrs,7,Clayton Kershaw,claytonkershaw,2036,aaa_opt,1,0,,FALSE,TRUE,
313,Springfield Zephyrs,7,Kirby Yates,kirbyyates,9073,aaa_opt,1,0,,FALSE,TRUE,
314,Springfield Zephyrs,7,Marcus Stroman,marcusstroman,13431,aaa_opt,1,0,,FALSE,TRUE,
315,Springfield Zephyrs,7,Ryan Feltner,ryanfeltner,21446,aaa_opt,1,0,,FALSE,TRUE,
316,Springfield Zephyrs,7,Ryan O'Hearn,ryanohearn,16442,aaa_opt,1,0,,FALSE,TRUE,
317,Springfield Zephyrs,7,TJ Friedl,tjfriedl,19522,aaa_opt,1,0,,FALSE,TRUE,
318,Springfield Zephyrs,7,Logan O'Hoppe,loganohoppe,24729,pre_arb,1,1,,FALSE,FALSE,
319,Springfield Zephyrs,7,AJ Smith-Shawver,ajsmithshawver,29960,aa,,0,3,FALSE,FALSE,
320,Springfield Zephyrs,7,Chase DeLauter,chasedelauter,32127,aa,,0,3,FALSE,FALSE,
321,Springfield Zephyrs,7,Cole Young,coleyoung,31680,aa,,0,3,FALSE,FALSE,
322,Springfield Zephyrs,7,Colt Keith,coltkeith,27899,aa,,0,2,FALSE,FALSE,
323,Springfield Zephyrs,7,Dalton Rushing,daltonrushing,31382,aa,,0,3,FALSE,FALSE,
324,Springfield Zephyrs,7,Harry Ford,harryford,29958,aa,,0,3,FALSE,FALSE,
325,Springfield Zephyrs,7,Jett Williams,jettwilliams,sa3020134,aa,,0,3,FALSE,FALSE,
326,Springfield Zephyrs,7,Jordan Walker,jordanwalker,27475,aa,,0,2,FALSE,FALSE,
327,Springfield Zephyrs,7,Masyn Winn,masynwinn,27479,aa,,0,3,FALSE,FALSE,
328,Springfield Zephyrs,7,Noelvi Marte,noelvimarte,26517,aa,,0,2,FALSE,FALSE,
329,Springfield Zephyrs,7,Samuel Basallo,samuelbasallo,28824,aa,,0,3,FALSE,FALSE,
330,Springfield Zephyrs,7,Tink Hence,tinkhence,sa3014709,aa,,0,3,FALSE,FALSE,
331,Structure Fire,2,Shane McClanahan,shanemcclanahan,21483,arb2,,0,,FALSE,FALSE,0.6
332,Structure Fire,2,Tanner Houck,tannerhouck,19879,arb2,,0,,FALSE,FALSE,0.6
333,Structure Fire,2,Riley Greene,rileygreene,25976,arb1,,0,,FALSE,FALSE,0.4
334,Structure Fire,2,Dean Kremer,deankremer,19350,aaa_opt,1,0,,FALSE,TRUE,
335,Structure Fire,2,Mitchell Parker,mitchellparker,27636,aaa_opt,1,0,,FALSE,TRUE,
336,Structure Fire,2,Tobias Myers,tobiasmyers,22191,aaa_opt,1,0,,FALSE,TRUE,
337,Structure Fire,2,Tyler Stephenson,tylerstephenson,17988,aaa_opt,1,0,,FALSE,TRUE,
338,Structure Fire,2,Marcus Semien,marcussemien,12533,contract,1,4.55,,FALSE,FALSE,
339,Structure Fire,2,Anthony Volpe,anthonyvolpe,27647,contract,6,2.5,,FALSE,FALSE,
340,Structure Fire,2,Jesus Luzardo,jesusluzardo,19959,contract,2,2,,FALSE,FALSE,
341,Structure Fire,2,Marcelo Mayer,marcelomayer,29668,contract,7,1,,FALSE,FALSE,
342,Structure Fire,2,Colton Cowser,coltoncowser,29591,pre_arb,2,1,,FALSE,FALSE,
343,Structure Fire,2,Elly De La Cruz,ellydelacruz,26668,pre_arb,1,1,,FALSE,FALSE,
344,Structure Fire,2,Francisco Alvarez,franciscoalvarez,26121,pre_arb,1,1,,FALSE,FALSE,
345,Structure Fire,2,Dylan Carlson,dylancarlson,20126,cut,3,2.15,,FALSE,FALSE,
346,Structure Fire,2,Spencer Howard,spencerhoward,23252,cut,1,1.95,,FALSE,FALSE,
347,Structure Fire,2,Asa Lacy,asalacy,sa3014423,cut,4,1.21,,FALSE,FALSE,
348,Structure Fire,2,Alex Kirilloff,alexkirilloff,20325,cut,2,1,,FALSE,FALSE,
349,Structure Fire,2,Evan White,evanwhite,20078,cut,2,1,,FALSE,FALSE,
350,Structure Fire,2,Andrew Benintendi,andrewbenintendi,17901,aaa_opt,1,0,,FALSE,TRUE,
351,Structure Fire,2,Beau Brieske,beaubrieske,26079,aaa_opt,1,0,,FALSE,TRUE,
352,Structure Fire,2,James Outman,jamesoutman,24770,contract,1,2.7,,FALSE,FALSE,
353,Structure Fire,2,Jo Adell,joadell,20220,pre_arb,1,1,,FALSE,FALSE,
354,Structure Fire,2,JJ Wetherholt,jjwetherholt,sa3025154,contract,8,1,,FALSE,FALSE,
355,Structure Fire,2,Aidan Miller,aidanmiller,sa3022609,aa,,0,3,FALSE,FALSE,
356,Structure Fire,2,Brett Baty,brettbaty,26123,aa,,0,2,FALSE,FALSE,
357,Structure Fire,2,Charlie Condon,charliecondon,sa3025257,aa,,0,3,FALSE,FALSE,
358,Structure Fire,2,DJ Herz,djherz,26389,aa,,0,3,FALSE,FALSE,
359,Structure Fire,2,Edwin Arroyo,edwinarroyo,sa3017626,aa,,0,3,FALSE,FALSE,
360,Structure Fire,2,Jacob Wilson,jacobwilson,33266,aa,,0,3,FALSE,FALSE,
362,Structure Fire,2,Jordan Lawlar,jordanlawlar,29976,aa,,0,3,FALSE,FALSE,
363,Structure Fire,2,Josuar De Jesus Gonzalez,josuardejesusgonzalez,sa3067675,aa,,0,3,FALSE,FALSE,
364,Structure Fire,2,Konnor Griffin,konnorgriffin,sa3065496,aa,,0,3,FALSE,FALSE,
365,Structure Fire,2,Luke Keaschall,lukekeaschall,33321,aa,,0,3,FALSE,FALSE,
366,Structure Fire,2,Marco Luciano,marcoluciano,25616,aa,,0,3,FALSE,FALSE,
367,Structure Fire,2,Robert Hassell III,roberthasselliii,27482,aa,,0,3,FALSE,FALSE,
368,Structure Fire,2,Thayron Liranzo,thayronliranzo,sa3015790,aa,,0,3,FALSE,FALSE,
369,West Coast Spartans,20,Corbin Carroll,corbincarroll,25878,arb1,,0,,FALSE,FALSE,0.4
370,West Coast Spartans,20,Griffin Canning,griffincanning,19867,arb1,,0,,FALSE,FALSE,0.4
371,West Coast Spartans,20,Aaron Civale,aaroncivale,19479,aaa_opt,1,0,,FALSE,TRUE,
372,West Coast Spartans,20,Erick Fedde,erickfedde,17425,aaa_opt,1,0,,FALSE,TRUE,
373,West Coast Spartans,20,Freddy Fermin,freddyfermin,21840,aaa_opt,1,0,,FALSE,TRUE,
374,West Coast Spartans,20,Garrett Mitchell,garrettmitchell,27555,aaa_opt,1,0,,FALSE,TRUE,
375,West Coast Spartans,20,Lucas Erceg,lucaserceg,19360,aaa_opt,1,0,,FALSE,TRUE,
376,West Coast Spartans,20,Spencer Horwitz,spencerhorwitz,26477,aaa_opt,1,0,,FALSE,TRUE,
377,West Coast Spartans,20,Devin Williams,devinwilliams,15816,contract,1,2.3,,FALSE,FALSE,
378,West Coast Spartans,20,Christopher Morel,christophermorel,21897,contract,1,2,,FALSE,FALSE,
379,West Coast Spartans,20,Max Meyer,maxmeyer,27474,contract,3,1.7,,FALSE,FALSE,
380,West Coast Spartans,20,Ranger Suarez,rangersuarez,17277,contract,1,1.69,,FALSE,FALSE,
381,West Coast Spartans,20,Sandy Alcantara,sandyalcantara,18684,contract,2,1.05,,FALSE,FALSE,
382,West Coast Spartans,20,Evan Carter,evancarter,27790,pre_arb,1,1,,FALSE,FALSE,
383,West Coast Spartans,20,Jung Hoo Lee,junghoolee,33824,contract,1,1,,FALSE,FALSE,
384,West Coast Spartans,20,Sal Frelick,salfrelick,29622,pre_arb,1,1,,FALSE,FALSE,
385,West Coast Spartans,20,Caleb Durbin,calebdurbin,29646,aaa_opt,1,0,,FALSE,TRUE,
386,West Coast Spartans,20,Kyle Hart,kylehart,19646,aaa_opt,1,0,,FALSE,TRUE,
387,West Coast Spartans,20,Simeon Woods Richardson,simeonwoodsrichardson,24494,aaa_opt,1,0,,FALSE,TRUE,
388,West Coast Spartans,20,Aaron Ashby,aaronashby,23550,contract,3,1.25,,FALSE,FALSE,
389,West Coast Spartans,20,Brooks Lee,brookslee,31595,pre_arb,2,1,,FALSE,FALSE,
390,West Coast Spartans,20,Andrew Painter,andrewpainter,sa3017880,contract,10,1.05,,FALSE,FALSE,
391,West Coast Spartans,20,Jesus Made,jesusmade,sa3024108,contract,12,1,,FALSE,FALSE,
392,West Coast Spartans,20,Adael Amador,adaelamador,27962,aa,,0,3,FALSE,FALSE,
393,West Coast Spartans,20,Bryce Eldridge,bryceeldridge,33390,aa,,0,3,FALSE,FALSE,
394,West Coast Spartans,20,Caden Dana,cadendana,31508,aa,,0,3,FALSE,FALSE,
395,West Coast Spartans,20,Chase Hampton,chasehampton,sa3020682,aa,,0,3,FALSE,FALSE,
396,West Coast Spartans,20,Coby Mayo,cobymayo,28312,aa,,0,3,FALSE,FALSE,
397,West Coast Spartans,20,Felnin Celesten,felnincelesten,sa3023381,aa,,0,3,FALSE,FALSE,
398,West Coast Spartans,20,Gavin Stone,gavinstone,27792,aa,,0,3,FALSE,FALSE,
399,West Coast Spartans,20,Jacob Misiorowski,jacobmisiorowski,31623,aa,,0,3,FALSE,FALSE,
400,West Coast Spartans,20,Jarlin Susana,jarlinsusana,sa3018808,aa,,0,3,FALSE,FALSE,
401,West Coast Spartans,20,Leo De Vries,leodevries,sa3023363,aa,,0,3,FALSE,FALSE,
402,West Coast Spartans,20,Quinn Mathews,quinnmathews,sa3023407,aa,,0,3,FALSE,FALSE,
403,West Coast Spartans,20,Rhett Lowder,rhettlowder,33876,aa,,0,3,FALSE,FALSE,
404,West Coast Spartans,20,Ricky Tiedemann,rickytiedemann,sa3018096,aa,,0,3,FALSE,FALSE,
405,West Coast Spartans,20,Roderick Arias,roderickarias,sa3019674,aa,,0,3,FALSE,FALSE,
406,West Coast Spartans,20,Roki Sasaki,rokisasaki,35323,aa,,0,3,FALSE,FALSE,
407,West Coast Spartans,20,Roman Anthony,romananthony,31812,aa,,0,3,FALSE,FALSE,
408,West Coast Spartans,20,Termarr Johnson,termarrjohnson,sa3020214,aa,,0,3,FALSE,FALSE,
409,West Coast Spartans,20,Zyhir Hope,zyhirhope,sa3022703,aa,,0,3,FALSE,FALSE,
410,Young Bucks,9,Brandon Pfaadt,brandonpfaadt,27782,arb1,,0,,FALSE,FALSE,0.4
411,Young Bucks,9,Brayan Bello,brayanbello,23920,arb1,,0,,FALSE,FALSE,0.4
412,Young Bucks,9,Brandon Nimmo,brandonnimmo,12927,aaa_opt,1,0,,FALSE,TRUE,
413,Young Bucks,9,Byron Buxton,byronbuxton,14161,aaa_opt,1,0,,FALSE,TRUE,
414,Young Bucks,9,Patrick Bailey,patrickbailey,27478,aaa_opt,1,0,,FALSE,TRUE,
415,Young Bucks,9,Cole Ragans,coleragans,21846,contract,1,5.45,,FALSE,FALSE,
416,Young Bucks,9,Clay Holmes,clayholmes,13649,contract,1,3.4,,FALSE,FALSE,
417,Young Bucks,9,Jasson Dominguez,jassondominguez,28080,contract,8,2,,FALSE,FALSE,
418,Young Bucks,9,Gleyber Torres,gleybertorres,16997,contract,1,1.5,,FALSE,FALSE,
419,Young Bucks,9,Ke'Bryan Hayes,kebryanhayes,18577,contract,1,1.5,,FALSE,FALSE,
420,Young Bucks,9,Michael Toglia,michaeltoglia,25845,contract,1,1.5,,FALSE,FALSE,
421,Young Bucks,9,Ryan Weathers,ryanweathers,23796,contract,2,1.29,,FALSE,FALSE,
422,Young Bucks,9,Austin Wells,austinwells,27562,pre_arb,1,1,,FALSE,FALSE,
423,Young Bucks,9,Garrett Crochet,garrettcrochet,27463,pre_arb,1,1,,FALSE,FALSE,
424,Young Bucks,9,Jared Jones,jaredjones,27863,pre_arb,1,1,,FALSE,FALSE,
426,Young Bucks,9,Wander Franco,wanderfranco,23667,cut,6,2.55,,FALSE,FALSE,
427,Young Bucks,9,Miguel Andujar,miguelandujar,15878,cut,1,1,,FALSE,FALSE,
428,Young Bucks,9,Jonathan Cannon,jonathancannon,31730,aaa_opt,1,0,,FALSE,TRUE,
429,Young Bucks,9,Osvaldo Bido,osvaldobido,23150,aaa_opt,1,0,,FALSE,TRUE,
430,Young Bucks,9,Sean Burke,seanburke,29878,aaa_opt,1,0,,FALSE,TRUE,
431,Young Bucks,9,Tony Gonsolin,tonygonsolin,19388,aaa_opt,1,0,,FALSE,TRUE,
432,Young Bucks,9,Frankie Montas,frankiemontas,14309,pre_arb,1,1,,FALSE,FALSE,
433,Young Bucks,9,Ben Rice,benrice,29576,aa,,0,2,FALSE,FALSE,
434,Young Bucks,9,Bryan Abreu,bryanabreu,16609,aa,,0,2,FALSE,FALSE,
435,Young Bucks,9,Cade Smith,cadesmith,27867,aa,,0,2,FALSE,FALSE,
436,Young Bucks,9,Drew Rasmussen,drewrasmussen,25385,aa,,0,2,FALSE,FALSE,
437,Young Bucks,9,Eury Perez,euryperez,27768,aa,,0,1,FALSE,FALSE,
438,Young Bucks,9,Hiroto Takahashi,hirototakahashi,sa3063923,aa,,0,3,FALSE,FALSE,
439,Young Bucks,9,Kris Bubic,krisbubic,21455,aa,,0,2,FALSE,FALSE,
440,Young Bucks,9,Luis Gil,luisgil,21052,aa,,0,2,FALSE,FALSE,
441,Young Bucks,9,Orion Kerkering,orionkerkering,31776,aa,,0,2,FALSE,FALSE,
442,Young Bucks,9,Parker Messick,parkermessick,31986,aa,,0,2,FALSE,FALSE,
443,Young Bucks,9,Porter Hodge,porterhodge,26413,aa,,0,3,FALSE,FALSE,
444,Young Bucks,9,Shunpeita Yamashita,shunpeitayamashita,sa3063816,aa,,0,3,FALSE,FALSE,
445,Young Bucks,9,Will Warren,willwarren,30182,aa,,0,2,FALSE,FALSE,