fullName,espnId
Jhancarlos Lara,5310247
Ray Delgado,41291
Gleider Figuereo,5099970
Izaac Pacheco,4917780
Nicholas Raposo,5124253
CJ Stubbs,5124556
Carlos Silva,5150969
Packy Naughton,4690629
Nicholas Kent,4414537
Candido Cuevas,5194680
Jerming Rosario,4722877
Jonatan Bernal,5194686
Jacob Palisch,4345203
Eric Silva,4919928
Starlin Aguilar,4919917
Luis Valdez,5332364
Nick Bitsko,4720858
Jaime Melendez,4917806
Aldo Ramirez,4722912
Victor Munoz,4722920
Reginald Preciado,42538
Rafael Flores,5131743
Luis Almeyda,5150960
Trent Palmer,4321820
Jose Daniel Salvador,4881987
Scott Randall,4424954
Camilo Diaz,5150956
Carlos Rodriguez,41400
Noah Denoyer,5116832
Junior Tilien,4917898
Austin Hansen,3975623
Steven Fuentes,34013
Yeiler Peguero,40964
Nolan Kingham,42695
Carlos Colmenarez,4722602
Anderson Franco,35041
Aaron Leasher,42852
Yeyson Yrizarri,33780
Wilkerman Garcia,35011
Danny De Andrade,4722885
Norwith Gudino,43010
Ben Cowles,4867665
Derian Cruz,41023
Adam Scott,3724047
Leandro Lopez,5332995
Adam Seminaris,4686057
Chih-Jung Liu,4722950
Randall Wynne,4991600
C.J. Van Eyk,4315215
Victor Santos,4873578
Francisco Perez,4879750
Jose Hernandez,5123576
Cody Morris,3960993
Adrian Martinez,4915829
Josh Taylor,36173
Kelvin Caceres,5173612
Mauricio Llovera,41564
Ricky Karcher,5116837
Joseph Record,4991319
Kade McClure,3387792
Cameron Robinson,5007908
Adrian Hernandez,4920830
Junior Rafael Santos,4917846
Colin Peluse,4228397
Brooks Wilson,41946
Carlos Garcia,4722973
Raffi Vizcaino,42594
Jose Cruz,5123754
Mason Auer,5016701
Drew Carlton,41480
Matt Tabor,40945
Juan Then,39819
Andrew Politi,42072
Jaime Barria,34956
Brailyn Marquez,41182
Quinn Brodey,41087
Jimmy Cordero,34850
Jordany Ventura,4917892
Russell Smith,4314155
Bryce Bonnin,4297749
Edgar Navarro,4987395
Jordi Martinez,4917923
Chad Smith,3960877
Ronald Guzman,33241
Nelson Alvarez,4415278
Melvin Adon,40979
Silvino Bracho,34119
Domingo Tapia,32160
Rony Garcia,42378
Braden Bristo,41734
J.C. Mejia,40421
Jose Lopez,4993432
Reyes Moronta,36069
Zac Houston,40046
Hector Perez,41070
Enmanuel Mejia,4974357
Daniel Castano,42621
Domingo Acevedo,35010
Jordan Mikel,4325349
Geronimo Franzua,5194330
Edwin Nunez,4920834
Johan Quezada,4684370
Luis Reyes,41039
Edwin Escobar,32659
Seth Corry,41043
Richard Guasch,4875960
Luis Ledo,41991
Jorge Benitez,5131857
Josimar Cousin,5193602
Freddy Pacheco,4905917
Mason Fox,4717836
Cole Mcdonald,5136173
Wandisson Charles,42628
Sam Delaplane,40876
Blake Cederlind,42357
Chris Muller,4713651
Zachary Greene,4991336
Jace Vines,3961021
Jackson Rees,4313412
Darien Nunez,42738
Marcel Renteria,4717900
Graeme Stinson,4297983
Fitzpatrick Miller Stadler,41957
Jose Martinez,4722943
Yoelvin Silven,4917795
Tahnaj Thomas,41138
Jose Mujica,33297
Yefri Del Rosario,41372
Miguel Romero,36140
Tommy Eveld,41114
Alex Scherff,40961
Keegan Curtis,43028
Jasseel De La Cruz,41401
Odalvi Javier,4987636
Victor Castaneda,4917863
JJ Goss,42420
Tyler Dyson,4728686
Jeremy Wu-Yelland,4651511
Matt Mikulski,4414292
Sam Weatherly,4307827
Mason Denaburg,41188
Steven Hajjar,4423336
Irv Carter,4917903
Koen Moreno,4684313
James Bourque,41140
Caleb Simpson,42550
Ofreidy Gomez,41236
Jake Thompson,40932
Jol Concepcion,41046
Aneudy Cortorreal,4722883
Neraldo Catalina,4720893
Osiel Rodriguez,41304
Naswell Paulino,4722918
Santiago Florez,41189
Jimmy Lewis,42499
Burl Carraway,4345884
Yoljeldriz Diaz,4722934
John Patterson,3107510
Fernery Ozuna,34087
Franklin Perez,36187
Carter Baumler,4686505
Alec Willis,4920832
Alvin Guzman,4917630
Landon Sims,4619512
Sadrac Franco,5194580
Sam Thoresen,4345174
Denny Bentley,5194583
Luis A Rodriguez,5194639
Luis Vizcaino,5196116
Will Ethridge,4081367
Gianluca Dalatri,4228267
Luis Ramirez,4654175
Christian Chamberlain,5133456
Eduar Segovia,5194582
Jarlin Garcia,33843
Miguel Sanchez,41449
Felix Paulino,41124
Cameron Bishop,40526
Alexander Wells,40503
Thomas Burrows,36117
Tyler Zombro,41652
Henry Martinez,39580
Daniel Alvarez,41530
Zack Erwin,34952
Gerson Bautista,39708
Ramon Santos,40496
Yorvin Pantoja,4986467
Dalbert Siri,40523
Eduardo Jimenez,39803
Carlos Belen,42130
Marcos Diplan,33774
Jeff Singer,39391
Alexander Guillen,39165
Robert Broom,41798
Andres Alejandro Sotillet,4728699
Kit Scheetz,41525
Ramon Rosso,42587
Carson LaRue,42681
Yennsy Diaz,41147
Ryley Gilliam,41942
Juan Gamez,42673
Luis Madero,39715
Thomas Jankins,42585
Ofelky Peralta,4979555
Arnaldo Hernandez,41445
Edgar Garcia,37582
Jojanse Torres,41900
Pedro Payano,35328
Cristian Alvarado,42595
Jacob Condra-Bogan,41105
Morgan Cooper,40985
Adonis Uceta,39877
Michael Matuella,34949
Elvis Escobar,34049
Jairo Labourt,33298
Gabriel Moya,38250
Eduardo Paredes,36047
Jairo Beras,35275
Yohander Mendez,34875
Zach Shepherd,33961
Elniery Garcia,33753
Emerson Jimenez,33610
Alberto Tirado,33220
Janser Lara,41361
Garrett Cave,40994
Luis Escobar,39820
Merandy Gonzalez,39687
Cody Reed,35289
Drew Finley,35283
Ashe Russell,35039
Elieser Medrano,41048
Jerryell Rivera,40943
Robert Dominguez,42549
Juan Querecuto,41026
Darius Valdez,40758
Yoan Lopez,33690
Angel Rondon,42606
Anderson Severino,41528
Dario Agrazal,39813
Joan Martinez,41019
Pearson McMahan,41016
Francis Martes,34965
Chester Pimentel,4974409
Wladimir Pinto,41518
Jason Bahr,41102
Kevin Joel Gadea,36082
Yadier Alvarez,34960
Danny Dopico,41499
Jose Almonte,36004
William Tribucher,4019457
Freicer Perez,40923
Roither Hernandez,4722958
Tomas Alastre,41062
Leonardo Rodriguez,40933
Audry Lugo,4722947
Jose Albertos,40990
Stiward Aquino,40974
Osvanni Gutierrez,4722966
Octavio Becerra,4720855
Brian Marconi,4987656
Nathan Kirby,34998
Yoan Aybar,42356
Danny Denz,4086140
Austin Warner,40842
Johan Simon,5194638
Geison Urbaez,5194683
Accimias Morales,5194685
Chris Clarke,4306795
Ryan Murphy,4919927
Thomas Farr,4619813
Robert Puason,42419
Fidel Montero,4917905
Justin Lange,4717897
Brock Porter,5080643
Jun-Seok Shim,5125245
Richard Rodriguez,35243
Alex Colome,31255
Jeurys Familia,31687
Enrique Burgos,34838
Fernando Abad,30417
Daniel Vellojin,4917693
Javier D'Orazio,4722937
Samuel Hernandez,5195196
Andrick Nava,42686
Nick Meyer,41676
Ricardo Genoves,41745
Philip Clarke,4297990
Matheu Nelson,4418627
Manny Pina,30268
Carter Bins,42764
Tyler Cropley,4228554
Jose Godoy,41443
Nicholas Kahle,4734323
Meibrys Viloria,39810
Adrian Sugastey,4920906
Julio Rodriguez,40618
Matt Whatley,40565
Michael Trautwein,4418088
Stevie Berman,38961
Jesus Galiz,4722959
Anthony Mulrine,42872
David Garcia,2220970
Aaron Antonini,42607
Ethan Hearn,4917692
Brett Cumberland,41117
Randy Moises Florentino,42820
CJ Rodriguez,4622187
Rayner Santana,4920904
Hendrik Clementina,39718
Cameron Barstad,4728687
Santiago Chavez,35687
Francisco Arcia,32437
Logan Tanner,4619513
Charles Mack,4722945
Will Simoneit,4623367
Victor Mesia,4920829
Eric Rodriguez,5132178
Naysbel Marcano,4722944
Christopher Bec,42803
Harrison Wenson,41540
Jhon Nunez,39927
Logan Brown,42885
Keinner Pina,38712
Roldani Baldwin,39531
Carlos Soto,42609
Antonio Cabello,41396
B.J. Lopez,39197
Kungkuan Giljegiljaw,37338
Sam McMillan,41015
Ronnier Quintero,42465
Michael Oliveto,5293516
Cristopher Larez,5150937
Dawel Joseph,5196127
Kristin Munroe,4917828
Anthony Rodriguez,4920907
Luis Tejeda,4510285
Alex De Jesus,42466
Marcos Cabrera,4720892
Cristhian Rodriguez,4917837
Yohander Martinez,42505
Adinso Reyes,42498
Alejandro Pie,4722914
Aaron Bracho,41280
Cristian Gonzalez,4917805
Luis Toribio,42476
Roberto Chirinos,4722574
Jose Sanchez,41067
Debby Santana,4722860
Antoni Flores,41256
Luis Santana,41360
Yeison Coca,41192
Juan Fernandez,41937
Seth Gray,42840
Tyler Keenan,4298015
Adrian Rondon,33754
Ronny Brito,41398
Hernan Perez,30878
Tanner Morris,4414542
Eduardo Escobar,30272
Hanser Alberto,32839
Lucas Ritter,42637
Juniel Querecuto,32351
Nicholas Quintana,42652
Kelvin Gutierrez,36994
Richard Urena,33788
Rayder Ascanio,34197
Ruddy Giron,35027
Jomar Reyes,33772
Roberto Baldoquin,33807
Jordan Cowan,38032
Abiatal Avelino,35188
Matt Canterino,4197740
Enmanuel De Jesus,41513
Juan Pinto,4919920
Oscar Pujols,5196208
Richard Gallardo,41340
Chris McMahon,4298508
Kohl Franklin,4917683
Joander David Suarez,4917843
Chad Dallas,4833695
Maddux Bruns,4872693
Calvin William Ziegler,4917894
Frankie Mozzicato,4872650
Manuel Mercedes,4919926
Matt Frisbee,4085161
Efrain Contreras,4918249
Noah Skirrow,4413896
Norge Vera,4722891
Thomas Parsons,42605
Javier Atencio,5194332
Luis Patino,41176
Drew Rucinski,33619
Max Castillo,41004
Peyton Battenfield,4179552
Luis Cessa,34837
Jay Groome,36182
Julio Urias,33223
Chris Vallimont,42210
Roenis Elias,33152
Ricardo Sanchez,33262
Fernando Romero,36060
Franklyn Kilome,33836
Ronald Bolanos,36022
Ronald Herrera,35012
Landon Marceaux,4414364
Nolan Watson,35040
Kendall Williams,42483
Hendry Chivilli,5150945
Brayan Medina,4918252
Jake Kalish,41446
Gray Fenter,35279
Denny Larrondo,4722952
Jairo Solis,41066
Ethan Hankins,41181
Hunter Barnhart,4683364
Drew Gray,5194636
Marwys Jorge,5150886
Luis Reyes,5150941
Rodney Boone,4424137
Ryan Costeiu,4721013
Wei-Chieh Huang,35285
Steven Fuentes,40608
Brett Conine,4019788
Yefry Ramirez,36051
Rogelio Armenteros,36887
Elvis Luciano,41089
Emilio Vargas,41146
Ethan Elliott,4717835
Paul Richan,42212
Oscar De La Cruz,34944
Dennis Francis Brady,4686058
Harol Gonzalez,40983
Jordan Humphreys,41011
Breiling Eusebio,40998
Luis Rijo,4722892
Adrian Florencio,4974340
Alvaro Seijas,40942
Alexander Vizcaino,42539
Nico Rodriguez,4722879
Hector Yan,41193
Landon Leach,41025
Daiveyon Whittle,4722349
Daniel McGrath,36639
Grayson Long,34959
Felix Jorge,33242
Matt Blandino,38829
Adonis Rosa,38101
Matt Ball,35975
Clinton Hollon,35280
Casey Meisner,34825
Jen-Ho Tseng,33791
Marcos Molina,33761
Brady Aiken,34953
Jose Rivera,4717901
Erling Moreno,41053
Imani Abdullah,40977
Jio Orozco,35298
Jake Agnos,4085136
Carlos Herrera,41336
Resly Linares,41081
Austin Franklin,41033
Wennington Romero,40986
Christian James,40970
Juan Meza,35287
Alfredo Jose Garcia,42253
Matthew Bruce Allan,42192
Braden Olthoff,4683490
Seth Hernandez,5293137
Kendry Chourio,5303971
Micah Ottenbreit,5332990
Abimelec Ortiz,5194635
Marten Gasparini,35038
Julio Garcia,33846
Leonel Sanchez,4917658
Adbiel Feliz,5196171
Adrian Placencia,4917820
Abel Bastidas,4917803
Nikau Pouaka-Grego,5194681
Eric Brown,4665396
Armando Cruz,4920827
Jheremy Vargas,4917868
Ambioris Tavarez,4917638
Ludwing Espinoza,5150953
Nazzan Zanetello,5149106
Sam Antonacci,5207167
Edwin Solano,5150932
Wilman Diaz,4722933
Jordan Eugene McCants,4917856
Rikelbin De Castro,4722911
Alexander Manuel Perez,4917885
Dauri Lorenzo,42472
Dayro Perez,4722915
Carson Tucker,4683377
Carlos Santiago,5194581
Keithron Moss,42469
Miguel Hiraldo,41274
Yeison Santana,4917691
James Glowenke,4345879
Eddy Diaz,42423
Jonathan Guzman,40840
Abiezel Ramirez,4722901
Jordy Barley,43012
Marcos Gonzalez,41255
Lency Delgado,42828
Yerdel Vargas,41371
Yolbert Sanchez,42957
Jonathan Schoop,31988
Jake Alu,5010414
Jean Segura,31037
Jonathan Arauz,34963
Elvis Andrus,29515
Rougned Odor,32170
Cesar Hernandez,31130
Cameron Cannon,42183
Patrick Frick,42876
Robinson Cano,6204
Alfredo Rodriguez,37776
Luis Carpio,35007
Malquin Canelo,39386
Osvaldo Manuel Abreu,35288
Osvaldo Duarte,39420
Jonathan Willems,41301
Yonathan Mendoza,34193
Gianfranco Wawoe,34035
Javier Betancourt,33496
Aramis Ademan,40924
Gregory Guerrero,41323
JT Schwartz,4422906
Haydn McGeary,5085213
John Rhodes,4622138
Raymond Mola,5150970
Brock Vradenburg,5140499
Branden Boissiere,4751531
Manuel Cabrera,5150944
Amaurys Minier,33830
Corey Zangari,34969
B.J. Murray Jr.,4425432
Wes Kath,4917777
Kevin Bruggeman,5074367
Cristian Santana,4917802
Kevin Ereu,5150959
Tony Ruiz,5150971
Rickardo Perez,4917937
Roismar Quintana,4920828
Albert Feliz,4722957
Juan Santander,4917808
Alexander Mojica,42456
Jesus David Parra,4917883
Jose Bonilla,4917829
Junior Sanquintin,4722861
Milkar Perez,4918161
Yan Contreras,4722858
Diowill Manuel Burgos,4917861
Danny Diaz,41002
Yairo Munoz,33828
Alfonso Rivas III,41693
Jhailyn Ortiz,40931
Michel Triana,4722855
Grant Lavigne,41226
Jiman Choi,31779
Kevin Maitan,38828
Cristian Santana,40431
Bryce Ball,42426
Jesus Aguilar,32132
Brandon Lewis,4722951
Jose Peraza,32470
Sonny DiChiara,4418651
Dennis Ortega,36165
Raudy Read,34697
Roy Morales,35299
Colton Shaver,42835
Samir Duenez,36057
Thomas Dillard,42776
Allen Cordoba,36085
Edwin Espinal,34060
Jhoan Urena,33747
Juremi Profar,35267
Renato Nunez,32778
Arol Vera,42452
Maikol Hernandez,4917645
Angel Cepeda,5150958
Leonel Valera,41729
Erik Gonzalez,33018
Pedro Martinez,42923
Alexander Vargas,4532044
Gilbert Lara,33835
Curley Martha,5196162
Naibel Mariano,5196118
Jay Allen,4872694
Alberto Rodriguez,4918158
Gavin Cross,4669423
Madison Stokes,42147
Simon Muzziotti,40861
Lorenzo Cedrola,39384
Taylor Kohlwey,38304
Luis Mieses,4722936
Bladimir Restituyo,4917791
TJ Hopkins,4987644
Jeremy De La Rosa,42496
Diego Hernandez,5116800
Orlando Martinez,41535
Leury Garcia,30664
Peyton Burdick,42428
Robert Perez,41987
Felix Valerio,4917864
Dalton Guthrie,41621
Justin Dirden,4416461
Connor Scott,41191
Marty Costes,42756
Raimel Tapia,33264
Alexfri Planez,42444
Jairo Pomares,42458
Allan Cerda,4720895
Kaden Polcovich,4636166
Jeisson Rosario,40342
Agustin Ruiz,41976
Vaun Brown,4088275
Wilderd Patino,42461
Jordan Nwogu,4423340
Lolo Sanchez,40686
Yonathan Daza,34086
Hunter David Bishop,42193
Brayan Buelvas,4684430
Alerick Soularie,4414710
Jhon Diaz,4722927
Chavez Young,41635
Alexander Ovalles,41123
Yasel Antuna,40460
Jameson Hannah,41230
Stanley Consuegra,41350
Yoelqui Cespedes,4081913
Trey Harris,41609
Wuilfredo Antunez,5136201
Alex Ramirez,42544
Abraham Almonte,31474
Brady Allen,4413900
Yeison Morrobel,4920831
Darryl Collins,42473
Gilberto Jimenez,42447
Victor Mesa,41134
Christopher Newell,5135928
Bryant Packard,42422
Zach Daniels,4297836
Lazaro Robersy Armenteros,38830
Tanner Allen,4298646
D'Shawn Knowles,41342
Rodolfo Nolasco,4918243
Alexander Suarez,4920905
Korry Howell,43014
Justice Thompson,4775361
Logan Cerny,4905902
Ian Lewis,4917855
Maikol Orozco,5150935
Juan Carlos Negret,4917814
Misael Urbina,42418
Robby Martin,4418625
Cam Eden,4418336
Jordan Viars,4918073
Eric De La Rosa,4987634
Isaiah Greene,4435106
Anthony Gutierrez,5124105
Jack Herman,42952
Jorge Ona,36743
Ryan Holgate,4751538
Cristian Perez,5150887
Malvin Valdez,4917786
Adrian Hernandez,41235
Daniel Montesino,4918255
Yhoswar Garcia,4917936
Ariel Almonte,4917696
Jeferson Espinal,42475
Daniel Montano,41051
Jhonny Piron,4722913
Roilan Machandy,4993399
Lonnie White Jr.,4601282
Sergio Campana,4918241
Jake Vogel,4722546
Tyler Whitaker,4917807
Luis Basabe,34985
Luis David Medina,4917866
Jalvin Arias,5196120
James Beard,4720854
Ismael Mena,42482
Alan Mejia,4722940
Eduardo Diaz,41037
Eric Santana,4917900
Juan Chacon,4722519
Yermin Mercedes,36148
Luis Pino,4920833
Raimfer Salinas,42481
Leobaldo Cabrera,4987860
Eduarqui Fernandez,41380
Carlos Tocci,33221
Wilmin Candelario,42537
Belfi Rivera,5196159
Hedbert Perez,42535
Cesar Hernandez,5196164
Daniel Woodrow,41427
Kier Meredith,4307824
Isaac Bellony,4917657
Michael Beltre,38653
Juan Alonso,5099972
Jose De La Cruz,42495
Bralyn Brazoban,5196175
Mariel Bautista,41388
Pablo Olivares,40955
Andy Acevedo,5150933
Vladimir Asencio,5196212
Cole Brannen,40966
Pedro Pineda,4918086
Madison Santos,4722859
Omar Estevez,35296
Anthony Baptist,5150974
Erick Pena,42405
Jonatan Machado,41080
Enmanuel Bonilla,5138133
Luis Bolivar,4919921
Gabriel Maciel,40993
Shalin Polanco,4918247
Jhon Torres,41764
Ariel Castro,5150950
Micker Adolfo,33781
Darling Fernandez,5150943
Seuly Matias,40989
Benyamin Bailey,42443
Osvaldo Gavilan,4918242
Eduardo Vaughan,4722722
Bayron Lora,42478
José Cardona,34066
Galvi Moscat,34031
Yerlin Luis,5150946
Eliezer Alvarez,36058
Wuilmer Becerra,35006
Eddy Martinez,34946
Deivy Castillo,34253
Ricardo Marcano,34206
Jesus Martinez,34194
Omar Carrizales,34098
Michael Medina,34204
Kyler Murray,41185
Wadye Ynfante,41079
Greifer Andrade,40956
Zeke White,35067
Isael Soto,33808
Conner Uselton,40938
Starling Heredia,41036
Trent Deveaux,41370
Larry Ernesto,41347
Mac Wainwright,4722520
Freddy Valdez,41294
Marcos Brito,41395
Cullen Large,41708
Carlos Rincon,39255
Sean Gamble,5293159
Slater de Brun,5293156
Eduardo Lopez,4722948
Bryan Gonzalez,4722969
Jeremy Rivas,4920837
Estiven Machado,4722946
Brainer Bonaci,4720889
Manuel Beltre,4720857
Ray-Patrick Elijah Didder,36493
Tucupita Marcano,40936
Arquimedes Gamboa,41078
Johan Camargo,33741
Yu Chang,33876
Fabian Pertuz,42990
Maikol Escotto,42477
Shervyen Newton,41272
Johan Lopez,4722949
Adeiny Hechavarria,31049
Leandro Romero,5196165
Freudis Nova,40844
Jose Antonio Caballero,4917884
Daniel Vazquez,4917810
Yariel Gonzalez,42531
Wander Javier,40928
Wilmer Andres Reyes,4917896
Christopher Torres,35295
Engelb Vielma,34696
Daniel Pierce,5293148
JoJo Parker,5293143
Josh Hammond,5293158
Xavier Neyens,5293157
Jordan Yost,5293171
Steele Hall,5293146
Brady Ebel,5293183
Wilson Garcia,41157
Ibandel Euclides Isabel,41877
Wendell Rijo,33919
Desmond Lindsay,35008
Jeison Guzman,41001
Bryce Bush,4720891
Jonny Brooks Homza,4746950
Peniel Brito,5194682
Richi Gonzalez,4917809
Nestor Miranda,5196167
Alcides Hernandez,5273778
Cam Michael Devanney,43001
Gage Stanifer,5333216
Helder Rosario,5276075
Jase Mitchell,5332363
Jonathan Harris,35003
Joshua Grosz,5202898
Josiah Hartshorn,5333213
Matt James Kroon,4987655
Mitch Jebb,5140487
Peter Hansen,5201570
Truitt Madonna,5332365
Yohemy Nolasco,5332367
