name,pos_string,player_mlb_org,player_age,abbrev,contract_type,contract_years,contract_dollars,fp_atc,fp_alt,alt-atc,fp_avg,fp_e,atc-e
Brice Turang,2B/UTIL,MIL,26.0,,,,,487.58132,470.60091,-16.980410000000006,479.091115,535.0,-47.41868
Jazz Chisholm Jr.,2B/3B/UTIL,NYY,28.0,MJ,arb2,,0.0,514.32935,502.60111,-11.728239999999971,508.46523,526.0,-11.670650000000023
Ketel Marte,2B/UTIL,ARI,32.0,,,,,529.53017,538.1147500000001,8.584580000000074,533.8224600000001,522.0,7.530169999999998
Jose Altuve,2B/OF/UTIL,HOU,36.0,,,,,450.937892,439.783564,-11.15432800000002,445.360728,479.0,-28.062108000000023
Nico Hoerner,2B/UTIL,CHC,29.0,CR,contract,1.0,1.0,423.01778,413.45268,-9.565099999999973,418.23523,475.0,-51.98222000000004
Luke Keaschall,2B/UTIL,MIN,23.0,SF,aa,,0.0,413.66931,399.55381,-14.115500000000054,406.61156,455.0,-41.33069
Jackson Holliday,2B/UTIL,BAL,22.0,CS,contract,8.0,1.15,410.33178,410.92683,0.5950500000000147,410.629305,453.0,-42.66822000000002
Ozzie Albies,2B/UTIL,ATL,29.0,RW,contract,1.0,4.85,422.21279,412.45753,-9.755260000000078,417.33516,452.0,-29.78720999999996
Ceddanne Rafaela,2B/OF/UTIL,BOS,25.0,SZ,pre_arb,2.0,1.0,406.59966,402.69402,-3.905640000000005,404.64684,450.0,-43.40033999999997
Gleyber Torres,2B/UTIL,DET,29.0,YB,contract,1.0,1.5,455.837083,453.668236,-2.168846999999971,454.7526595000001,449.0,6.837083000000007
Bryson Stott,2B/UTIL,PHI,28.0,SZ,arb1,,0.0,425.64955,427.66464,2.015090000000044,426.657095,437.0,-11.350450000000023
Xavier Edwards,2B/SS/UTIL,MIA,26.0,BS,contract,2.0,1.0,400.11489000000006,381.31792,-18.796970000000044,390.716405,427.0,-26.88510999999994
Brandon Lowe,2B/UTIL,PIT,31.0,CS,arb3,,0.0,411.96258,398.81515,-13.147429999999986,405.388865,425.0,-13.037419999999996
Otto Lopez,2B/SS/UTIL,MIA,27.0,DCT,aaa_opt,1.0,0.0,390.6274,401.76283,11.135430000000042,396.195115,423.0,-32.372600000000034
Matt McLain,2B/UTIL,CIN,26.0,,,,,397.91076,402.4866,4.575840000000028,400.19868,422.0,-24.089240000000014
Jorge Polanco,2B/UTIL,NYM,32.0,,,,,385.693394,373.11223,-12.581164,379.402812,415.0,-29.306605999999988
Luis Garcia Jr.,2B/UTIL,WSN,26.0,,,,,371.42677,366.15925,-5.26751999999999,368.79301,406.0,-34.573230000000024
Jonathan India,2B/3B/OF/UTIL,KCR,29.0,DET,contract,1.0,4.0,345.78522,362.02451,16.23929000000004,353.904865,393.0,-47.21478000000002
Jake Cronenworth,2B/UTIL,SDP,32.0,,,,,385.7633900000001,392.49355,6.730159999999955,389.1284700000001,382.0,3.763390000000072
Lenyn Sosa,2B/1B/UTIL,CHW,26.0,,,,,266.448841,258.12729,-8.321551,262.2880655,377.0,-110.55115900000004
Brendan Donovan,2B/UTIL,SEA,29.0,,,,,371.088712,376.77577,5.687058000000036,373.932241,377.0,-5.911288000000013
Chase Meidroth,2B/SS/UTIL,CHW,24.0,,,,,338.87838,318.90938,-19.968999999999998,328.89388,377.0,-38.12162000000001
Andres Gimenez,2B/UTIL,TOR,27.0,BS,contract,1.0,6.0,371.86897,361.23216,-10.636809999999969,366.550565,376.0,-4.13103000000001
Nolan Gorman,2B/3B/UTIL,STL,26.0,CR,aaa_opt,1.0,0.0,355.374618,338.9110069999999,-16.46361100000007,347.1428125,361.0,-5.625382000000002
Ernie Clement,2B/3B/SS/UTIL,TOR,30.0,,,,,359.20489,349.49814,-9.70675,354.35151499999995,360.0,-0.7951100000000224
Colt Keith,2B/3B/UTIL,DET,24.0,SZ,aa,,0.0,343.79358,335.8771,-7.916479999999979,339.83534,359.0,-15.206420000000035
Marcus Semien,2B/UTIL,NYM,35.0,SF,contract,1.0,4.55,418.62104,417.77591,-0.8451300000000401,418.198475,358.0,60.62104
JJ Wetherholt,2B/SS/UTIL,,,SF,contract,8.0,1.0,327.1133,302.70507,-24.408230000000003,314.909185,354.0,-26.88670000000002
Brett Baty,2B/3B/UTIL,NYM,26.0,SF,aa,,0.0,314.890133,300.71436,-14.175772999999992,307.8022465,349.0,-34.10986700000001
Luisangel Acuna,2B/UTIL,CHW,24.0,RW,aa,,0.0,236.48989,224.5265,-11.963390000000032,230.508195,349.0,-112.51011
Brooks Lee,2B/3B/SS/UTIL,MIN,25.0,WCS,pre_arb,2.0,1.0,352.78399,331.64633,-21.13766000000004,342.21516,346.0,6.783990000000017
Christian Moore,2B/UTIL,LAA,23.0,MJ,aa,,0.0,289.69025,280.66639,-9.023860000000012,285.17832,340.0,-50.30975000000001
Jeff McNeil,2B/OF/UTIL,ATH,34.0,,,,,366.39559,357.5134599999999,-8.882130000000075,361.95452499999993,333.0,33.39558999999997
Willi Castro,2B/3B/OF/UTIL,COL,29.0,,,,,370.52896,372.11224,1.5832800000000589,371.3206,330.0,40.528959999999984
Jose Caballero,2B/3B/SS/OF/UTIL,NYY,29.0,DET,aaa_opt,1.0,0.0,285.104612,267.62623,-17.478381999999954,276.365421,324.0,-38.895388000000025
Luis Rengifo,2B/3B/UTIL,FA,29.0,ORl,aaa_opt,1.0,0.0,256.17786,245.74346000000003,-10.434399999999982,250.96066,321.0,-64.82213999999999
Kristian Campbell,2B/UTIL,BOS,24.0,RW,contract,7.0,1.55,111.440295,109.150392,-2.289902999999996,110.2953435,320.0,-208.559705
Max Muncy,2B/3B/UTIL,ATH,23.0,,,,,243.51350999999997,243.20251,-0.3109999999999218,243.35801,317.0,-73.48649000000006
Tommy Edman,2B/OF/UTIL,LAD,31.0,,,,,330.48676000000006,324.34758,-6.139180000000067,327.41717000000006,307.0,23.48676000000006
Gabriel Arias,2B/SS/UTIL,CLE,26.0,,,,,276.09059,274.23981,-1.850780000000043,275.1652,302.0,-25.90940999999998
Zack Gelof,2B/UTIL,ATH,26.0,DET,contract,1.0,3.25,104.64187,105.780431,1.1385609999999955,105.2111505,296.0,-191.35813
Daniel Schneemann,2B/3B/OF/UTIL,CLE,29.0,,,,,140.598309,140.817853,0.2195439999999848,140.708081,287.0,-146.401691
Cole Young,2B/UTIL,SEA,22.0,SZ,aa,,0.0,237.27408000000003,242.37449,5.100409999999954,239.824285,280.0,-42.72591999999997
Edouard Julien,2B/1B/UTIL,COL,27.0,,,,,241.61501,242.68672,1.071709999999996,242.150865,273.0,-31.384989999999988
Brayan Rocchio,2B/SS/UTIL,CLE,25.0,,,,,299.4002,289.07192,-10.328280000000008,294.23605999999995,270.0,29.400199999999984
Angel Martinez,2B/OF/UTIL,CLE,24.0,,,,,168.17361,164.35237999999998,-3.821230000000014,166.262995,263.0,-94.82639
Hyeseong Kim,2B/UTIL,LAD,27.0,,,,,104.30883,98.339,-5.969830000000016,101.323915,260.0,-155.69117
Kody Clemens,2B/1B/UTIL,MIN,30.0,,,,,205.81112,204.45033,-1.3607899999999802,205.130725,233.0,-27.18888000000001
Thairo Estrada,2B/UTIL,FA,30.0,,,,,179.08450100000002,175.15861,-3.925891000000007,177.1215555,229.0,-49.91549899999998
Richie Palacios,2B/OF/UTIL,TBR,29.0,,,,,117.894376,108.154177,-9.740199000000004,113.02427649999998,228.0,-110.105624
Nick Gonzales,2B/UTIL,PIT,27.0,,,,,270.5697,271.65697,1.0872699999999895,271.113335,223.0,47.56970000000001
Thomas Saggese,2B/SS/UTIL,STL,24.0,,,,,208.08406,205.21274,-2.8713200000000256,206.6484,220.0,-11.915939999999978
Ryan Ritter,2B/SS/UTIL,COL,25.0,,,,,138.76557,132.04207,-6.723500000000001,135.40382,216.0,-77.23443
Vaughn Grissom,2B/SS/UTIL,,,,,,,201.61809,195.202231,-6.415858999999983,198.4101605,213.0,-11.381910000000005
Edmundo Sosa,2B/3B/UTIL,PHI,30.0,,,,,147.19623,146.39622999999995,-0.8000000000000114,146.79622999999998,208.0,-60.803770000000014
Romy Gonzalez,2B/1B/UTIL,BOS,29.0,,,,,264.14834,271.30567,7.157330000000059,267.727005,201.0,63.14833999999996
Mauricio Dubon,2B/3B/SS/OF/UTIL,ATL,31.0,,,,,208.5078,202.5992,-5.908600000000035,205.5535,197.0,11.507800000000003
Javier Sanoja,2B/3B/OF/UTIL/RP,MIA,23.0,,,,,159.73349,162.33186,2.598370000000017,161.03267499999998,193.0,-33.26651000000001
Dylan Moore,2B/SS/OF/UTIL,PHI,33.0,,,,,78.32718,78.669065,0.3418850000000049,78.4981225,190.0,-111.67282
Michael Massey,2B/UTIL,KCR,28.0,,,,,199.026941,204.661568,5.634626999999995,201.84425450000003,188.0,11.026941000000022
Nasim Nunez,2B/SS/UTIL,WSN,25.0,,,,,220.685138,209.09885000000003,-11.586287999999996,214.891994,185.0,35.68513800000002
David Hamilton,2B/UTIL,BOS,28.0,,,,,113.950356,109.956218,-3.994137999999992,111.953287,175.0,-61.049644
Jose Iglesias,2B/3B/SS/UTIL,FA,36.0,,,,,105.915591,104.164563,-1.751027999999991,105.040077,169.0,-63.08440900000001
Orlando Arcia,2B/3B/SS/UTIL,FA,31.0,,,,,92.8928509,88.115408,-4.777442899999997,90.50412945,168.0,-75.1071491
Miguel Rojas,2B/3B/SS/UTIL,LAD,37.0,,,,,125.3122,120.165443,-5.146757000000008,122.7388215,159.0,-33.6878
Darell Hernaiz,2B/3B/SS/UTIL,ATH,24.0,,,,,121.63216300000002,121.57233,-0.059833000000026,121.6022465,152.0,-30.36783699999998
Tim Tawa,2B/1B/OF/UTIL,ARI,27.0,,,,,100.489014,98.083721,-2.4052930000000003,99.2863675,148.0,-47.510986
Josh Rojas,2B/3B/UTIL,KCR,32.0,,,,,46.92844399999999,51.25783,4.329386000000007,49.093137,143.0,-96.07155600000002
Davis Schneider,2B/OF/UTIL,TOR,27.0,,,,,241.40413500000005,235.606692,-5.797443000000016,238.50541350000003,140.0,101.40413500000004
Alex Freeland,2B/3B/UTIL,LAD,24.0,,,,,86.344089,85.15316,-1.190928999999997,85.7486245,127.0,-40.655911
Amed Rosario,2B/3B/UTIL,NYY,30.0,,,,,178.24799,174.65991999999997,-3.588070000000016,176.45395499999998,118.0,60.24798999999999
DJ LeMahieu,2B/UTIL,FA,37.0,,,,,72.07266800000001,71.284553,-0.7881150000000048,71.6786105,118.0,-45.92733199999999
Adam Frazier,2B/OF/UTIL,FA,34.0,,,,,164.89511000000002,159.73658999999998,-5.158520000000038,162.31585,114.0,50.89511000000002
Luis Urias,2B/UTIL,FA,29.0,,,,,97.055967,94.440234,-2.615732999999992,95.7481005,111.0,-13.944033000000005
Jose Fermin,2B/UTIL,STL,27.0,,,,,144.331795,135.11445,-9.217344999999996,139.7231225,110.0,34.331795
Kyren Paris,2B/OF/UTIL,LAA,24.0,,,,,38.65485,37.52065,-1.1342,38.08775,110.0,-71.34514999999999
Ryan Bliss,2B/UTIL,SEA,26.0,,,,,67.93121500000001,67.985058,0.0538429999999863,67.9581365,103.0,-35.06878499999999
Ramon Urias,2B/3B/UTIL,FA,32.0,,,,,145.819782,147.137502,1.3177200000000084,146.478642,99.0,46.819782
Jett Williams,2B/SS/OF/UTIL,,,SZ,aa,,0.0,55.39939,53.175901,-2.2234889999999936,54.2876455,98.0,-42.60061
Leo Rivas,2B/UTIL,SEA,28.0,,,,,97.46096599999998,93.425343,-4.035622999999987,95.4431545,94.0,3.460965999999985
Travis Bazzana,2B/UTIL,,,ORl,aa,,0.0,142.07407999999998,134.113279,-7.960800999999975,138.0936795,94.0,48.07407999999998
Brice Matthews,2B/UTIL,HOU,24.0,,,,,38.1569511,39.359517700000005,1.2025666000000044,38.758234400000006,91.0,-52.8430489
Nick Yorke,2B/1B/UTIL,PIT,24.0,,,,,104.877041,103.606076,-1.2709649999999897,104.2415585,89.0,15.877040999999991
Max Schuemann,2B/3B/SS/UTIL,ATH,29.0,,,,,69.097086,69.229621,0.13253499999999,69.1633535,84.0,-14.902913999999996
Tyler Fitzgerald,2B/UTIL,SFG,28.0,ORl,aa,,0.0,57.140818,55.341975,-1.798843000000005,56.2413965,80.0,-22.859182
Adael Amador,2B/UTIL,COL,23.0,WCS,aa,,0.0,113.75163999999998,115.99461399999998,2.242974000000004,114.87312699999998,80.0,33.75163999999998
Cody Freeman,2B/OF/UTIL,TEX,25.0,,,,,118.623032,112.310517,-6.312514999999991,115.4667745,78.0,40.623032
Tommy Troy,2B/OF/UTIL,,,,,,,25.7472668,25.265302,-0.4819648000000036,25.5062844,75.0,-49.2527332
Aaron Schunk,2B/SS/UTIL,ATL,28.0,,,,,14.37459,14.490285,0.1156950000000005,14.4324375,73.0,-58.62541
Kyle Farmer,2B/UTIL,FA,35.0,,,,,99.181779,102.302408,3.120628999999994,100.7420935,72.0,27.18177900000001
Hao-Yu Lee,2B/3B/UTIL,,,,,,,15.1178771,15.385179,0.2673018999999996,15.25152805,71.0,-55.8821229
Samad Taylor,2B/OF/UTIL,SEA,27.0,,,,,21.5643973,20.719378,-0.8450193000000006,21.14188765,67.0,-45.4356027
Max Anderson,2B/3B/UTIL,,,,,,,12.8838905,12.488882900000002,-0.3950075999999995,12.686386700000002,62.0,-49.1161095
Tim Anderson,2B/SS/UTIL,FA,33.0,,,,,26.6912188,27.90793920000001,1.216720400000007,27.299579000000005,61.0,-34.3087812
Casey Schmitt,2B/3B/UTIL,SFG,27.0,,,,,184.925489,189.137692,4.212202999999988,187.0315905,60.0,124.925489
Christian Koss,2B/UTIL,SFG,28.0,,,,,64.73857,62.02402299999999,-2.714547000000003,63.38129649999999,58.0,6.738569999999996
Will Wilson,2B/3B/UTIL,SEA,27.0,,,,,,,,,,
Ildemaro Vargas,2B/1B/UTIL,ARI,34.0,,,,,45.924606,45.669639,-0.2549670000000006,45.7971225,53.0,-7.075394000000003
Cameron Cauley,2B/SS/OF/UTIL,,,,,,,,,,,,
Nick Sogard,2B/3B/1B/UTIL,BOS,28.0,,,,,78.565565,74.20653800000001,-4.3590269999999975,76.38605150000001,47.0,31.565565000000007
Justin Foscue,2B/1B/UTIL,TEX,27.0,,,,,27.0549251,26.2190949,-0.8358302000000002,26.63701,45.0,-17.9450749
Payton Eeles,2B/SS/OF/UTIL,,,,,,,,,,,,
Shay Whitcomb,2B/3B/UTIL,HOU,27.0,,,,,21.2208122,20.4741408,-0.7466714000000003,20.8474765,44.0,-22.779187800000003
Rafael Lantigua,2B/3B/UTIL,,,,,,,0.0,0.4,0.0,0.0,42.0,-42.0
Trey Lipscomb,2B/3B/OF/UTIL,,,,,,,0.0,9.6366712,0.0,0.0,42.0,-42.0
Maximo Acosta,2B/3B/SS/UTIL,MIA,23.0,,,,,57.22505999999999,56.92172200000001,-0.3033379999999823,57.073391,41.0,16.225059999999992
Juan Brito,2B/UTIL,,,,,,,68.13257399999999,66.941532,-1.191041999999996,67.53705299999999,41.0,27.13257399999999
Brett Wisely,2B/UTIL,TBR,27.0,,,,,30.5415701,28.030475000000003,-2.511095099999995,29.28602255,40.0,-9.458429900000002
Jorbit Vivas,2B/3B/UTIL,NYY,25.0,,,,,17.236745499999998,17.15874,-0.0780054999999961,17.19774275,40.0,-22.7632545
Ryan Fitzgerald,2B/SS/UTIL,LAD,32.0,,,,,0.0,7.2980693,0.0,0.0,39.0,-39.0
Tristan Gray,2B/SS/UTIL,MIN,30.0,,,,,42.597895,40.35983,-2.238065000000006,41.4788625,39.0,3.597895000000001
Michael Arroyo,2B/UTIL,,,,,,,26.062863,26.850899,0.7880360000000017,26.456881,38.0,-11.937137000000003
Ronny Simon,2B/OF/UTIL,PIT,26.0,,,,,13.0297436,12.8697496,-0.1599939999999993,12.9497466,38.0,-24.9702564
Brendan Rodgers,2B/UTIL,FA,29.0,,,,,60.44503399999999,58.874974,-1.570059999999991,59.660004,37.0,23.445033999999996
Owen Miller,2B/UTIL,FA,29.0,,,,,,,,,,
Cesar Prieto,2B/3B/SS/UTIL,STL,27.0,,,,,28.9520515,28.169283000000004,-0.782768499999996,28.56066725,36.0,-7.0479485
Connor Kaiser,2B/UTIL,KCR,29.0,,,,,,,,,,
Jared Serna,2B/SS/UTIL,,,,,,,20.5848906,20.9340854,0.3491947999999993,20.759488,33.0,-12.4151094
Tanner Murray,2B/3B/SS/UTIL,,,,,,,44.0777468,44.11578599999999,0.0380391999999929,44.09676639999999,30.0,14.0777468
Tyler Callihan,2B/OF/UTIL,CIN,26.0,,,,,46.56530599999999,45.938989,-0.6263169999999931,46.25214749999999,22.0,24.565305999999996
Leo Jimenez,2B/UTIL,TOR,25.0,,,,,70.711735,72.65046699999999,1.9387319999999877,71.681101,20.0,50.711735
Jack Winkler,2B/UTIL,FA,27.0,,,,,0.0,3.5688904,0.0,0.0,16.0,-16.0
Julio Carreras,2B/3B/UTIL,,,,,,,,,,,,
Jordan Diaz,2B/UTIL,,,,,,,,,,,,
Jose Devers,2B/UTIL,,,,,,,,,,,,
Yoeilin Cespedes,2B/UTIL,,,ORl,aa,,0.0,,,,,,
Luis Guillorme,2B/3B/UTIL,FA,31.0,,,,,,,,,,
Matt Duffy,2B/UTIL,,,,,,,,,,,,
JD Dix,2B/UTIL,,,,,,,,,,,,
Felix Morrobel,2B/SS/UTIL,,,,,,,,,,,,
Kevin Made,2B/SS/UTIL,,,,,,,,,,,,
Yiddi Cappe,2B/UTIL,,,,,,,,,,,,
Kyle DeBarge,2B/SS/UTIL,,,,,,,,,,,,
Angel Guzman,2B/UTIL,,,,,,,,,,,,
Mitch Voit,2B/UTIL,,,,,,,,,,,,
Joey Wendle,2B/UTIL,,,,,,,,,,,,
Andre Lipcius,2B/1B/UTIL,,,,,,,,,,,,
Jamie Westbrook,2B/3B/UTIL,,,,,,,,,,,,
Victor Acosta,2B/UTIL,,,,,,,,,,,,
Niko Goodrum,2B/SS/UTIL,,,,,,,,,,,,
Zach Remillard,2B/UTIL,,,,,,,,,,,,
Tony Kemp,2B/UTIL,,,,,,,,,,,,
Nick Gordon,2B/UTIL,,,,,,,,,,,,
Darren Baker,2B/OF/UTIL,,,,,,,,,,,,
Whit Merrifield,2B/UTIL,,,,,,,,,,,,
Jose Salas,2B/1B/UTIL,,,,,,,,,,,,
Luis Guerrero,2B/UTIL,HOU,25.0,,,,,48.90992000000001,70.0,21.090079999999997,59.45496,0.0,48.90992000000001
David Fletcher,2B/3B/UTIL,,,,,,,,,,,,
Gavin Kilen,2B/SS/UTIL,,,,,,,,,,,,
Tate Southisene,2B/SS/UTIL,,,,,,,,,,,,
Griff O'Ferrall,2B/SS/UTIL,,,,,,,,,,,,
Fernando Cruz,2B/SS/UTIL,,,,,,,,,,,,
Yordys Valdes,2B/SS/UTIL,,,,,,,,,,,,
Livan Soto,2B/SS/UTIL,,,,,,,,,,,,
Yonny Hernandez,2B/SS/UTIL,,,,,,,,,,,,
Cal Conley,2B/SS/UTIL,,,,,,,,,,,,
Jeremy Rodriguez,2B/3B/SS/UTIL,,,,,,,,,,,,
Luke Waddell,2B/SS/UTIL,,,,,,,,,,,,
Chad Stevens,2B/3B/SS/UTIL,COL,27.0,,,,,,,,,,
Osleivis Basabe,2B/3B/SS/UTIL,,,,,,,,,,,,
Nick Solak,2B/1B/UTIL,SDP,31.0,,,,,,,,,,
Cody Morissette,2B/UTIL,,,,,,,,,,,,
Cooper Bowman,2B/OF/UTIL,,,,,,,,,,,,
Javier Vaz,2B/OF/UTIL,,,,,,,,,,,,
Austin Gauthier,2B/UTIL,,,,,,,,,,,,
Terrin Vavra,2B/3B/UTIL,,,,,,,,,,,,
Filippo Di Turi,2B/3B/SS/UTIL,,,,,,,,,,,,
Coco Montes,2B/3B/OF/UTIL,FA,29.0,,,,,,,,,,
Vimael Machin,2B/3B/1B/UTIL,COL,32.0,,,,,15.0685901,14.9356795,-0.1329105999999988,15.0021348,0.0,15.0685901
Jose Barrero,2B/OF/UTIL,BAL,28.0,,,,,0.0,4.753627100000001,0.0,0.0,0.0,0.0
Alika Williams,2B/3B/SS/UTIL,,,,,,,29.219742000000004,29.403612,0.1838699999999953,29.311677000000003,0.0,29.219742000000004
Scott Kingery,2B/OF/UTIL,FA,32.0,,,,,0.0,7.806450100000001,0.0,0.0,0.0,0.0
Orelvis Martinez,2B/UTIL,,,DCT,aa,,0.0,59.60688999999999,58.80206,-0.8048299999999884,59.204475,0.0,59.60688999999999
James Triantos,2B/OF/UTIL,,,,,,,14.1048688,15.2680013,1.1631324999999997,14.68643505,0.0,14.1048688
Aroon Escobar,2B/UTIL,,,,,,,,,,,,
Milan Tolentino,2B/3B/SS/UTIL,,,,,,,,,,,,
Christian Cairo,2B/3B/OF/UTIL,,,,,,,,,,,,
Greg Jones,2B/OF/UTIL,,,,,,,,,,,,
Jacob Berry,2B/3B/OF/UTIL,,,,,,,,,,,,
Jacob Gonzalez,2B/SS/UTIL,,,RW,aa,,0.0,,,,,,
Cooper Kinney,2B/3B/UTIL,,,,,,,19.8265241,19.9924176,0.1658934999999992,19.90947085,0.0,19.8265241
Michael Stefanic,2B/UTIL,ATH,30.0,,,,,,,,,,
Termarr Johnson,2B/UTIL,,,WCS,aa,,0.0,,,,,,
Euribiel Angeles,2B/3B/SS/UTIL,,,,,,,,,,,,
Mikey Romero,2B/3B/SS/UTIL,,,,,,,,,,,,
Eddys Leonard,2B/3B/OF/UTIL,,,,,,,,,,,,
Max Ferguson,2B/OF/UTIL,,,,,,,,,,,,
Brayden Taylor,2B/3B/UTIL,,,ORl,aa,,0.0,,,,,,
Yolmer Sanchez,2B/SS/UTIL,,,,,,,0.0,1.745512,0.0,0.0,0.0,0.0
Donovan Walton,2B/SS/UTIL,LAA,32.0,,,,,,,,,,
Clay Dungan,2B/SS/OF/UTIL,,,,,,,,,,,,
