Original Team,Player,League,Position,Years,Dollars,Symbol,Options
Bayou Shooters,David Peterson,MLB,SP,1,$3 opt,†,
Bayou Shooters,Gavin Lux,MLB,SS,1,$3 opt,†,
Bayou Shooters,Ivan Herrera,MLB,C,1,$3 opt,†,
Bayou Shooters,Spencer Schwellenbach,MLB,SP,2,$6.25,ᴵᴸ⁶⁰,
Bayou Shooters,Andres Gimenez,MLB,2B,1,$6.00,,
Bayou Shooters,Anthony Santander,MLB,OF,1,$5.00,,
Bayou Shooters,Brady Singer,MLB,SP,1,$3.00,,
Bayou Shooters,James Wood,MLB,OF,7,$1.00,,
Bayou Shooters,Gavin Williams,MLB,SP,2,$1.00,@ᴵᴸ⁶⁰,
Bayou Shooters,Taj Bradley,MLB,SP,2,$1.00,@,
Bayou Shooters,Xavier Edwards,MLB,SS,2,$1.00,,
Bayou Shooters,Edwin Diaz,MLB,RP,1,$1.00,@,
Bayou Shooters,Jackson Merrill,MLB,OF,1,$1.00,@,
Bayou Shooters,Oneil Cruz,MLB,SS,1,$1.00,@,
Bayou Shooters,MJ Melendez,AAA,OF,Arb 1,40%,¹,
Bayou Shooters,Andrew Abbott,AAA,SP,1,$3 opt,†,
Bayou Shooters,Michael Lorenzen,AAA,SP,1,$3 opt,†,
Bayou Shooters,Edward Cabrera,AAA,SP,2,$1.00,@,
Bayou Shooters,Logan Allen,AAA,SP,1,$1.00,@,
Bayou Shooters,Ryne Nelson,AAA,SP,1,$1.00,@,
Bayou Shooters,Alejandro Rosario,AA,SP,U,$-,,3
Bayou Shooters,Braden Montgomery,AA,OF,U,$-,,3
Bayou Shooters,Brady House,AA,3B,U,$-,,3
Bayou Shooters,Demetrio Crisantes,AA,2B,U,$-,,3
Bayou Shooters,Dustin Harris,AA,1B,U,$-,,3
Bayou Shooters,Dustin May,AA,SP,U,$-,,1
Bayou Shooters,Hurston Waldrep,AA,SP,U,$-,,3
Bayou Shooters,Josue Briceno,AA,C,U,$-,,3
Bayou Shooters,Josue De Paula,AA,OF,U,$-,,3
Bayou Shooters,Kyle Bradish,AA,SP,U,$-,,3
Bayou Shooters,Liam Doyle,AA,SP,U,$-,,3
Bayou Shooters,Miguel Bleis,AA,OF,U,$-,,3
Bayou Shooters,River Ryan,AA,SP,U,$-,,3
Bayou Shooters,Ronny Mauricio,AA,SS,U,$-,,3
Cheating Raiders,Austin Riley,MLB,3B,Arb 3,80%,³,
Cheating Raiders,Dylan Cease,MLB,SP,Arb 3,80%,³,
Cheating Raiders,Nathaniel Lowe,MLB,1B,Arb 3,80%,³,
Cheating Raiders,Logan Gilbert,MLB,SP,Arb 2,60%,²,
Cheating Raiders,Tarik Skubal,MLB,SP,Arb 2,60%,²,
Cheating Raiders,Adley Rutschman,MLB,C,Arb 1,40%,¹,
Cheating Raiders,Bobby Witt Jr.,MLB,SS,Arb 1,40%,¹,
Cheating Raiders,Clarke Schmidt,MLB,SP,Arb 1,40%,¹,
Cheating Raiders,J.P. Crawford,MLB,SS,1,$3 opt,†,
Cheating Raiders,Manny Machado,MLB,3B,1,$7.00,,
Cheating Raiders,Nick Kurtz,MLB,1B,10,$1.13,,
Cheating Raiders,Nico Hoerner,MLB,2B,1,$1.00,,
Cheating Raiders,Tanner Bibee,MLB,SP,1,$1.00,@,
Cheating Raiders,Jason Adam,AAA,RP,1,$3 opt,†,
Cheating Raiders,Javier Baez,AAA,SS,1,$3 opt,†,
Cheating Raiders,Michael Conforto,AAA,OF,1,$3 opt,†,
Cheating Raiders,Nolan Gorman,AAA,2B,1,$3 opt,†,
Cheating Raiders,Cade Povich,AA,SP,U,$-,,3
Cheating Raiders,Chase Dollander,AA,SP,U,$-,,3
Cheating Raiders,Colson Montgomery,AA,SS,U,$-,,3
Cheating Raiders,Drew Thorpe,AA,SP,U,$-,,3
Cheating Raiders,Edwin Uceta,AA,RP,U,$-,,3
Cheating Raiders,Maikel Garcia,AA,3B,U,$-,,2
Cheating Raiders,Matt Shaw,AA,3B,U,$-,,3
Cheating Raiders,Thomas Harrington,AA,SP,U,$-,,3
Cheating Raiders,Tyler Black,AA,3B,U,$-,,3
Cheating Raiders,Vance Honeycutt,AA,OF,U,$-,,3
Country Strong,Brandon Lowe,MLB,2B,Arb 3,80%,³,
Country Strong,Freddy Peralta,MLB,SP,Arb 3,80%,³,
Country Strong,Shota Imanaga,MLB,SP,1,$2.35,,
Country Strong,Cristopher Sanchez,MLB,SP,1,$1.50,,
Country Strong,Jackson Chourio,MLB,OF,8,$1.10,,
Country Strong,CJ Abrams,MLB,SS,7,$1.00,,
Country Strong,Jack Leiter,MLB,SP,5,$1.00,,
Country Strong,Yoshinobu Yamamoto,MLB,SP,3,$1.00,,
Country Strong,Felix Bautista,MLB,RP,2,$1.00,@,
Country Strong,Fernando Tatis Jr.,MLB,OF,2,$1.00,,
Country Strong,Lucas Giolito,MLB,SP,2,$1.00,@,
Country Strong,Miguel Vargas,MLB,2B,2,$1.00,@,
Country Strong,Gunnar Henderson,MLB,SS,1,$1.00,@,
Country Strong,Jacob deGrom,MLB,SP,1,$1.00,,
Country Strong,Eloy Jimenez ©,Cut,OF,1,$1.00,,
Country Strong,Alejandro Kirk,AAA,C,1,$3 opt,†,
Country Strong,Camilo Doval,AAA,RP,1,$3 opt,†,
Country Strong,Joe Boyle,AAA,SP,1,$3 opt,†,
Country Strong,Josh Smith,AAA,3B,1,$3 opt,†,
Country Strong,Zack Littell,AAA,SP,1,$3 opt,†,
Country Strong,Mike Trout,AAA,OF,1,$5.00,,
Country Strong,Nolan Jones,MLB,OF,1,$4.50,,
Country Strong,Jackson Holliday,MLB,2B,8,$1.15,,
Country Strong,Kevin McGonigle,AA,SS,9,$1.00,,
Country Strong,Munetaka Murakami,MLB,3B,5,$1.00,,
Country Strong,Zebby Matthews,MLB,SP,4,$1.00,,
Country Strong,Christian Encarnacion-Strand,AA,1B,1,$1.00,@,
Country Strong,Kyle Harrison,MLB,SP,1,$1.00,@,
Country Strong,Cristian Javier,AA,SP,U,$-,,3
Country Strong,Grant Taylor,AA,SP,U,$-,,3
Country Strong,Justin Lebron,AA,SS,U,$-,,3
Country Strong,Kyle Manzardo,AA,1B,U,$-,,2
Country Strong,Richard Fitts,AA,SP,U,$-,,2
Country Strong,Sebastian Walcott,AA,3B,U,$-,,3
Country Strong,Shane Baz,AA,SP,U,$-,,1
Detroit Nittany Tide,Hunter Greene,MLB,SP,Arb 1,40%,¹,
Detroit Nittany Tide,MacKenzie Gore,MLB,SP,Arb 1,40%,¹,
Detroit Nittany Tide,Nick Lodolo,MLB,SP,Arb 1,40%,¹,
Detroit Nittany Tide,Andrew Vaughn,MLB,1B,1,$3 opt,†,
Detroit Nittany Tide,Jake Irvin,MLB,SP,1,$3 opt,†,
Detroit Nittany Tide,Jake Rogers,MLB,C,1,$3 opt,†,
Detroit Nittany Tide,Luke Weaver,MLB,RP,1,$3 opt,†,
Detroit Nittany Tide,Seiya Suzuki,MLB,OF,2,$6.00,,
Detroit Nittany Tide,Jonathan India,MLB,2B,1,$4.00,,
Detroit Nittany Tide,Zack Gelof,MLB,2B,1,$3.25,,
Detroit Nittany Tide,Daulton Varsho,MLB,OF,1,$2.00,,
Detroit Nittany Tide,Yainer Diaz,MLB,C,1,$2.00,,
Detroit Nittany Tide,Spencer Torkelson,MLB,1B,6,$1.50,,
Detroit Nittany Tide,Jackson Jobe,MLB,SP,2,$1.00,@,
Detroit Nittany Tide,Chase Silseth,MLB,SP,1,$1.00,@,
Detroit Nittany Tide,Josh Lowe,MLB,OF,1,$1.00,@,
Detroit Nittany Tide,Mickey Moniak,MLB,OF,1,$1.00,@,
Detroit Nittany Tide,Paul Skenes,MLB,SP,1,$1.00,@,
Detroit Nittany Tide,Andre Pallante,AAA,SP,1,$3 opt,†,
Detroit Nittany Tide,Austin Gomber,AAA,SP,1,$3 opt,†,
Detroit Nittany Tide,Chad Green,AAA,RP,1,$3 opt,†,
Detroit Nittany Tide,Jose Caballero,AAA,SS,1,$3 opt,†,
Detroit Nittany Tide,Trey Sweeney,AAA,SS,1,$3 opt,†,
Detroit Nittany Tide,Austin Martin,AAA,3B,1,$1.00,@,
Detroit Nittany Tide,Ian Anderson,AAA,SP,1,$1.00,,
Detroit Nittany Tide,Addison Barger,AA,3B,U,$-,,2
Detroit Nittany Tide,Brody Brecht,AA,SP,U,$-,,3
Detroit Nittany Tide,Cris Rodriguez,AA,OF,U,$-,,3
Detroit Nittany Tide,Cristhian Vaquero,AA,OF,U,$-,,3
Detroit Nittany Tide,Eli Willits,AA,SS,U,$-,,3
Detroit Nittany Tide,Enrique Bradfield Jr.,AA,OF,U,$-,,3
Detroit Nittany Tide,Heston Kjerstad,AA,OF,U,$-,,3
Detroit Nittany Tide,Jordyn Adams,AA,OF,U,$-,,3
Detroit Nittany Tide,Kevin Alcantara,AA,OF,U,$-,,3
Detroit Nittany Tide,Max Clark,AA,OF,U,$-,,3
Detroit Nittany Tide,Travis Honeyman,AA,OF,U,$-,,3
Detroit Nittany Tide,Yohandy Morales,AA,3B,U,$-,,3
Dip City Thunder,Alec Bohm,MLB,3B,Arb 3,80%,³,
Dip City Thunder,Jeremy Pena,MLB,SS,Arb 2,60%,²,
Dip City Thunder,Julio Rodriguez,MLB,OF,Arb 2,60%,²,
Dip City Thunder,Jarren Duran,MLB,OF,Arb 1,40%,¹,
Dip City Thunder,Spencer Steer,MLB,OF,Arb 1,40%,¹,
Dip City Thunder,Heliot Ramos,MLB,OF,1,$3 opt,†,
Dip City Thunder,Otto Lopez,MLB,2B,1,$3 opt,†,
Dip City Thunder,Ryan Jeffers,MLB,C,1,$3 opt,†,
Dip City Thunder,Bryan Woo,MLB,SP,1,$4.50,,
Dip City Thunder,Grant Holmes,MLB,SP,1,$1.00,,
Dip City Thunder,Jose Soriano,MLB,SP,1,$1.00,,
Dip City Thunder,Mason Miller,MLB,RP,1,$1.00,,
Dip City Thunder,Michael Busch,MLB,1B,1,$1.00,@,
Dip City Thunder,Royce Lewis,MLB,3B,1,$1.00,@,
Dip City Thunder,Davis Martin,AAA,SP,1,$3 opt,†,
Dip City Thunder,Hayden Wesneski,AAA,SP,1,$3 opt,†,
Dip City Thunder,Michael McGreevy,AAA,SP,1,$3 opt,†,
Dip City Thunder,Tyler Anderson,AAA,SP,1,$3 opt,†,
Dip City Thunder,Tyler Kinley,AAA,RP,1,$3 opt,†,
Dip City Thunder,Triston Casas,AA,1B,1,$1.00,@,
Dip City Thunder,Ben Brown,AA,SP,U,$-,,2
Dip City Thunder,Braylon Payne,AA,OF,U,$-,,3
Dip City Thunder,Cam Smith,AA,3B,U,$-,,2
Dip City Thunder,Emil Morales,AA,SS,U,$-,,3
Dip City Thunder,Emmanuel Rodriguez,AA,OF,U,$-,,3
Dip City Thunder,Ethan Holliday,AA,3B,U,$-,,3
Dip City Thunder,Hayden Birdsong,AA,SP,U,$-,,3
Dip City Thunder,Jaison Chourio,AA,OF,U,$-,,3
Dip City Thunder,Lazaro Montes,AA,OF,U,$-,,3
Dip City Thunder,Orelvis Martinez,AA,SS,U,$-,,3
Dip City Thunder,Parker Meadows,AA,OF,U,$-,,1
Dip City Thunder,Thomas White,AA,SP,U,$-,,3
Midtown Jaguars,Kyle Tucker,MLB,OF,Arb 3,80%,³,
Midtown Jaguars,Jazz Chisholm Jr.,MLB,2B,Arb 2,60%,²,
Midtown Jaguars,Keibert Ruiz,MLB,C,Arb 2,60%,²,
Midtown Jaguars,Bryce Miller,MLB,SP,Arb 1,40%,¹,
Midtown Jaguars,Carlos Santana,MLB,1B,1,$3 opt,†,
Midtown Jaguars,Chris Martin,MLB,RP,1,$3 opt,†,
Midtown Jaguars,Luis Ortiz,MLB,SP,1,$3 opt,†,
Midtown Jaguars,Matt Wallner,MLB,OF,1,$3 opt,†,
Midtown Jaguars,Max Kepler,MLB,OF,1,$3 opt,†,
Midtown Jaguars,Sean Murphy,MLB,C,1,$3 opt,†,
Midtown Jaguars,Bo Bichette,MLB,SS,1,$4.00,,
Midtown Jaguars,Randy Arozarena,MLB,OF,1,$2.80,,
Midtown Jaguars,Reynaldo Lopez,MLB,SP,1,$2.01,,
Midtown Jaguars,Bowden Francis,MLB,SP,2,$1.10,,
Midtown Jaguars,Luis Robert Jr.,MLB,OF,1,$1.00,,
Midtown Jaguars,Grayson Rodriguez,AAA,SP,Arb 1,40%,¹,
Midtown Jaguars,Hunter Brown,AAA,SP,Arb 1,40%,¹,
Midtown Jaguars,Vinnie Pasquantino,AAA,1B,Arb 1,40%,¹,
Midtown Jaguars,Ha-Seong Kim,AAA,SS,1,$3 opt,†,
Midtown Jaguars,Yoan Moncada,AAA,3B,1,$3 opt,†,
Midtown Jaguars,Bo Naylor,AAA,C,1,$1.00,@,
Midtown Jaguars,Agustin Ramirez,AA,C,U,$-,,3
Midtown Jaguars,Aidan Smith,AA,OF,U,$-,,3
Midtown Jaguars,Angel Genao,AA,SS,U,$-,,3
Midtown Jaguars,Carson Whisenhunt,AA,SP,U,$-,,3
Midtown Jaguars,Carson Williams,AA,SS,U,$-,,3
Midtown Jaguars,Christian Moore,AA,2B,U,$-,,3
Midtown Jaguars,Cooper Pratt,AA,SS,U,$-,,3
Midtown Jaguars,Gary Gill Hill,AA,SP,U,$-,,3
Midtown Jaguars,Jonah Tong,AA,SP,U,$-,,3
Midtown Jaguars,Justin Crawford,AA,OF,U,$-,,3
Midtown Jaguars,Noah Schultz,AA,1B,U,$-,,3
Midtown Jaguars,Oswald Peraza,AA,SS,U,$-,,3
Midtown Jaguars,Owen Caissie,AA,OF,U,$-,,3
Midtown Jaguars,Ryan Clifford,AA,1B,U,$-,,3
Midtown Jaguars,Spencer Jones,AA,OF,U,$-,,3
Midtown Jaguars,Tyler Soderstrom,AA,C,U,$-,,3
Orlando Renegades,Connor Wong,MLB,C,1,$3 opt,†,
Orlando Renegades,Eduardo Rodriguez,MLB,SP,1,$3 opt,†,
Orlando Renegades,Griffin Jax,MLB,RP,1,$3 opt,†,
Orlando Renegades,Jonathan Aranda,MLB,3B,1,$3 opt,†,
Orlando Renegades,Jorge Soler,MLB,OF,1,$3 opt,†,
Orlando Renegades,JP Sears,MLB,SP,1,$3 opt,†,
Orlando Renegades,Lane Thomas,MLB,OF,1,$3 opt,†,
Orlando Renegades,Luis Rengifo,MLB,3B,1,$3 opt,†,
Orlando Renegades,Tyler O'Neill,MLB,OF,1,$3 opt,†,
Orlando Renegades,Freddie Freeman,MLB,1B,1,$12.10,,
Orlando Renegades,Joe Ryan,MLB,SP,1,$5.50,,
Orlando Renegades,Spencer Arrighetti,MLB,SP,2,$3.40,,
Orlando Renegades,Gerrit Cole,MLB,SP,1,$2.20,,
Orlando Renegades,Robbie Ray,MLB,SP,1,$2.00,,
Orlando Renegades,Ezequiel Tovar,MLB,SS,3,$1.05,,
Orlando Renegades,Dylan Crews,MLB,OF,2,$1.00,@,
Orlando Renegades,Junior Caminero,MLB,3B,2,$1.00,@,
Orlando Renegades,Wyatt Langford,MLB,OF,2,$1.00,@,
Orlando Renegades,Ryan Pepiot,MLB,SP,1,$1.00,@,
Orlando Renegades,Trevor Bauer ©,Cut,SP,1,$3.31,,
Orlando Renegades,Andrew Heaney,AAA,SP,1,$3 opt,†,
Orlando Renegades,Isiah Kiner-Falefa,AAA,SS,1,$3 opt,†,
Orlando Renegades,Jose Quintana,AAA,SP,1,$3 opt,†,
Orlando Renegades,Matt Vierling,AAA,OF,1,$3 opt,†,
Orlando Renegades,Miles Mikolas,AAA,SP,1,$3 opt,†,
Orlando Renegades,Seth Halvorsen,AAA,RP,1,$3 opt,†,
Orlando Renegades,Bobby Miller,AAA,SP,1,$1.00,@,
Orlando Renegades,Colt Emerson,AA,SS,10,$1.00,,
Orlando Renegades,Brandon Sproat,AA,SP,5,$1.00,,
Orlando Renegades,Andy Pages,AA,OF,U,$-,,1
Orlando Renegades,Brayden Taylor,AA,3B,U,$-,,3
Orlando Renegades,Bubba Chandler,AA,SP,U,$-,,3
Orlando Renegades,Cade Horton,AA,SP,U,$-,,3
Orlando Renegades,Cam Collier,AA,3B,U,$-,,3
Orlando Renegades,David Festa,AA,SP,U,$-,,3
Orlando Renegades,Drake Baldwin,AA,C,U,$-,,3
Orlando Renegades,Drew Burress,AA,OF,U,$-,,3
Orlando Renegades,Jac Caglianone,AA,1B,U,$-,,3
Orlando Renegades,Jace LaViolette,AA,OF,U,$-,,3
Orlando Renegades,Joendry Vargas,AA,SS,U,$-,,3
Orlando Renegades,Kyle Teel,AA,C,U,$-,,3
Orlando Renegades,Robert Calaz,AA,OF,U,$-,,3
Orlando Renegades,Sal Stewart,AA,2B,U,$-,,3
Orlando Renegades,Travis Bazzana,AA,2B,U,$-,,3
Orlando Renegades,Travis Sykora,AA,SP,U,$-,,3
Orlando Renegades,Tyler Fitzgerald,AA,SS,U,$-,,2
Orlando Renegades,Walker Jenkins,AA,OF,U,$-,,3
Orlando Renegades,Yoeilin Cespedes,AA,SS,U,$-,,3
Ryno World,George Kirby,MLB,SP,Arb 1,40%,¹,
Ryno World,Josh Jung,MLB,3B,Arb 1,40%,¹,
Ryno World,Michael Harris II,MLB,OF,Arb 1,40%,¹,
Ryno World,Michael Kopech,MLB,RP,Arb 1,40%,¹,
Ryno World,Alec Burleson,MLB,OF,1,$3 opt,†,
Ryno World,Bailey Falter,MLB,SP,1,$3 opt,†,
Ryno World,Justin Verlander,MLB,SP,1,$3 opt,†,
Ryno World,Lourdes Gurriel Jr.,MLB,OF,1,$3 opt,†,
Ryno World,Shohei Ohtani,MLB,DH,1,$30.50,,
Ryno World,Ronald Acuna Jr.,MLB,OF,3,$11.75,,
Ryno World,Zac Gallen,MLB,SP,1,$7.00,,
Ryno World,Ozzie Albies,MLB,2B,1,$4.85,,
Ryno World,Lawrence Butler,MLB,OF,3,$4.30,,
Ryno World,Steven Kwan,MLB,OF,1,$3.00,,
Ryno World,Kumar Rocker,MLB,SP,4,$1.85,,
Ryno World,Kristian Campbell,MLB,2B,7,$1.55,,
Ryno World,Casey Mize,MLB,SP,3,$1.00,,
Ryno World,Shane Bieber,MLB,SP,3,$1.00,,
Ryno World,Luis Garcia,MLB,SP,2,$1.00,@,
Ryno World,Joey Bart,MLB,C,1,$1.00,,
Ryno World,Jose Miranda,AAA,3B,Arb 1,40%,¹,
Ryno World,Jonah Heim,AAA,C,1,$3 opt,†,
Ryno World,Mitch Spence,AAA,SP,1,$3 opt,†,
Ryno World,Trevor Story,AAA,SS,1,$3 opt,†,
Ryno World,Walker Buehler,AAA,SP,1,$1.69,,
Ryno World,Louis Varland,AAA,SP,1,$1.00,,
Ryno World,Yennier Cano,AA,RP,1,$3 opt,†,
Ryno World,Druw Jones,AA,OF,8,$1.00,,
Ryno World,Zac Veen,AA,OF,7,$1.00,,
Ryno World,Ben Joyce,AA,RP,U,$-,,3
Ryno World,Brodie Johnston,AA,3B,U,$-,,3
Ryno World,Bryce Rainer,AA,SS,U,$-,,3
Ryno World,Chase Burns,AA,SP,U,$-,,3
Ryno World,Ethan Salas,AA,C,U,$-,,3
Ryno World,Hagen Smith,AA,SP,U,$-,,3
Ryno World,Henry Davis,AA,C,U,$-,,2
Ryno World,Jace Jung,AA,3B,U,$-,,3
Ryno World,Jacob Gonzalez,AA,SS,U,$-,,3
Ryno World,Jamie Arnold,AA,SP,U,$-,,3
Ryno World,Liam Hendriks,AA,RP,U,$-,,3
Ryno World,Luisangel Acuna,AA,2B,U,$-,,3
Ryno World,Noble Meyer,AA,SP,U,$-,,3
Ryno World,Robby Snelling,AA,SP,U,$-,,3
Ryno World,Xavier Isaac,AA,1B,U,$-,,3
Springfield Zephyrs,Bryson Stott,MLB,2B,Arb 1,40%,¹,
Springfield Zephyrs,Gabriel Moreno,MLB,C,Arb 1,40%,¹,
Springfield Zephyrs,Matthew Boyd,MLB,SP,1,$3 opt,†,
Springfield Zephyrs,Tylor Megill,MLB,SP,2,$1.50,,
Springfield Zephyrs,Ceddanne Rafaela,MLB,OF,2,$1.00,@,
Springfield Zephyrs,Connor Norby,MLB,3B,2,$1.00,@,
Springfield Zephyrs,Pete Crow-Armstrong,MLB,OF,2,$1.00,@,
Springfield Zephyrs,Reese Olson,MLB,SP,1,$1.00,,
Springfield Zephyrs,Zach Neto,MLB,SS,1,$1.00,@,
Springfield Zephyrs,Brendan McKay ©,Cut,SP,1,$1.00,,
Springfield Zephyrs,Clayton Kershaw,AAA,SP,1,$3 opt,†,
Springfield Zephyrs,Kirby Yates,AAA,RP,1,$3 opt,†,
Springfield Zephyrs,Marcus Stroman,AAA,SP,1,$3 opt,†,
Springfield Zephyrs,Ryan Feltner,AAA,SP,1,$3 opt,†,
Springfield Zephyrs,Ryan O'Hearn,AAA,1B,1,$3 opt,†,
Springfield Zephyrs,TJ Friedl,AAA,OF,1,$3 opt,†,
Springfield Zephyrs,Logan O'Hoppe,AAA,C,1,$1.00,@,
Springfield Zephyrs,AJ Smith-Shawver,AA,SP,U,$-,,3
Springfield Zephyrs,Chase DeLauter,AA,OF,U,$-,,3
Springfield Zephyrs,Cole Young,AA,SS,U,$-,,3
Springfield Zephyrs,Colt Keith,AA,3B,U,$-,,2
Springfield Zephyrs,Dalton Rushing,AA,C,U,$-,,3
Springfield Zephyrs,Harry Ford,AA,C,U,$-,,3
Springfield Zephyrs,Jett Williams,AA,SS,U,$-,,3
Springfield Zephyrs,Jordan Walker,AA,OF,U,$-,,2
Springfield Zephyrs,Masyn Winn,AA,SS,U,$-,,3
Springfield Zephyrs,Noelvi Marte,AA,SS,U,$-,,2
Springfield Zephyrs,Samuel Basallo,AA,1B,U,$-,,3
Springfield Zephyrs,Tink Hence,AA,SP,U,$-,,3
Structure Fire,Shane McClanahan,MLB,SP,Arb 2,60%,²,
Structure Fire,Tanner Houck,MLB,SP,Arb 2,60%,²,
Structure Fire,Riley Greene,MLB,OF,Arb 1,40%,¹,
Structure Fire,Dean Kremer,MLB,SP,1,$3 opt,†,
Structure Fire,Mitchell Parker,MLB,SP,1,$3 opt,†,
Structure Fire,Tobias Myers,MLB,SP,1,$3 opt,†,
Structure Fire,Tyler Stephenson,MLB,C,1,$3 opt,†,
Structure Fire,Marcus Semien,MLB,2B,1,$4.55,,
Structure Fire,Anthony Volpe,MLB,SS,6,$2.50,,
Structure Fire,Jesus Luzardo,MLB,SP,2,$2.00,,
Structure Fire,Marcelo Mayer,MLB,SS,7,$1.00,,
Structure Fire,Colton Cowser,MLB,OF,2,$1.00,@,
Structure Fire,Elly De La Cruz,MLB,SS,1,$1.00,@,
Structure Fire,Francisco Alvarez,MLB,C,1,$1.00,@,
Structure Fire,Dylan Carlson ©,Cut,OF,3,$2.15,,
Structure Fire,Spencer Howard ©,Cut,SP,1,$1.95,,
Structure Fire,Asa Lacy ©,Cut,SP,4,$1.21,,
Structure Fire,Alex Kirilloff ©,Cut,1B,2,$1.00,,
Structure Fire,Evan White ©,Cut,1B,2,$1.00,,
Structure Fire,Andrew Benintendi,AAA,OF,1,$3 opt,†,
Structure Fire,Beau Brieske,AAA,RP,1,$3 opt,†,
Structure Fire,James Outman,AAA,OF,1,$2.70,,
Structure Fire,Jo Adell,AAA,OF,1,$1.00,@,
Structure Fire,JJ Wetherholt,AA,2B,8,$1.00,,
Structure Fire,Aidan Miller,AA,3B,U,$-,,3
Structure Fire,Brett Baty,AA,3B,U,$-,,2
Structure Fire,Charlie Condon,AA,1B,U,$-,,3
Structure Fire,DJ Herz,AA,SP,U,$-,,3
Structure Fire,Edwin Arroyo,AA,SS,U,$-,,3
Structure Fire,Jacob Wilson,AA,SS,U,$-,,3
Structure Fire,Jordan Lawlar,AA,SS,U,$-,,3
Structure Fire,Josuar De Jesus Gonzalez,AA,SS,U,$-,,3
Structure Fire,Konnor Griffin,AA,OF,U,$-,,3
Structure Fire,Luke Keaschall,AA,2B,U,$-,,3
Structure Fire,Marco Luciano,AA,3B,U,$-,,3
Structure Fire,Robert Hassell III,AA,OF,U,$-,,3
Structure Fire,Thayron Liranzo,AA,C,U,$-,,3
West Coast Spartans,Corbin Carroll,MLB,OF,Arb 1,40%,¹,
West Coast Spartans,Griffin Canning,MLB,SP,Arb 1,40%,¹,
West Coast Spartans,Aaron Civale,MLB,SP,1,$3 opt,†,
West Coast Spartans,Erick Fedde,MLB,SP,1,$3 opt,†,
West Coast Spartans,Freddy Fermin,MLB,C,1,$3 opt,†,
West Coast Spartans,Garrett Mitchell,MLB,OF,1,$3 opt,†,
West Coast Spartans,Lucas Erceg,MLB,RP,1,$3 opt,†,
West Coast Spartans,Spencer Horwitz,MLB,1B,1,$3 opt,†,
West Coast Spartans,Devin Williams,MLB,RP,1,$2.30,,
West Coast Spartans,Christopher Morel,MLB,3B,1,$2.00,,
West Coast Spartans,Max Meyer,MLB,SP,3,$1.70,,
West Coast Spartans,Ranger Suarez,MLB,SP,1,$1.69,,
West Coast Spartans,Sandy Alcantara,MLB,SP,2,$1.05,,
West Coast Spartans,Evan Carter,MLB,OF,1,$1.00,@,
West Coast Spartans,Jung Hoo Lee,MLB,OF,1,$1.00,,
West Coast Spartans,Sal Frelick,MLB,OF,1,$1.00,@,
West Coast Spartans,Caleb Durbin,AAA,3B,1,$3 opt,†,
West Coast Spartans,Kyle Hart,AAA,SP,1,$3 opt,†,
West Coast Spartans,Simeon Woods Richardson,AAA,SP,1,$3 opt,†,
West Coast Spartans,Aaron Ashby,AAA,SP,3,$1.25,,
West Coast Spartans,Brooks Lee,AAA,SS,2,$1.00,@,
West Coast Spartans,Andrew Painter,AA,SP,10,$1.05,,
West Coast Spartans,Jesus Made,AA,SS,12,$1.00,,
West Coast Spartans,Adael Amador,AA,SS,U,$-,,3
West Coast Spartans,Bryce Eldridge,AA,OF,U,$-,,3
West Coast Spartans,Caden Dana,AA,SP,U,$-,,3
West Coast Spartans,Chase Hampton,AA,SP,U,$-,,3
West Coast Spartans,Coby Mayo,AA,3B,U,$-,,3
West Coast Spartans,Felnin Celesten,AA,SS,U,$-,,3
West Coast Spartans,Gavin Stone,AA,SP,U,$-,,3
West Coast Spartans,Jacob Misiorowski,AA,SP,U,$-,,3
West Coast Spartans,Jarlin Susana,AA,SP,U,$-,,3
West Coast Spartans,Leo De Vries,AA,SS,U,$-,,3
West Coast Spartans,Quinn Mathews,AA,SP,U,$-,,3
West Coast Spartans,Rhett Lowder,AA,SP,U,$-,,3
West Coast Spartans,Ricky Tiedemann,AA,SP,U,$-,,3
West Coast Spartans,Roderick Arias,AA,SS,U,$-,,3
West Coast Spartans,Roki Sasaki,AA,SP,U,$-,,3
West Coast Spartans,Roman Anthony,AA,OF,U,$-,,3
West Coast Spartans,Termarr Johnson,AA,2B,U,$-,,3
West Coast Spartans,Zyhir Hope,AA,OF,U,$-,,3
Young Bucks,Brandon Pfaadt,MLB,SP,Arb 1,40%,¹,
Young Bucks,Brayan Bello,MLB,SP,Arb 1,40%,¹,
Young Bucks,Brandon Nimmo,MLB,OF,1,$3 opt,†,
Young Bucks,Byron Buxton,MLB,OF,1,$3 opt,†,
Young Bucks,Patrick Bailey,MLB,C,1,$3 opt,†,
Young Bucks,Cole Ragans,MLB,SP,1,$5.45,,
Young Bucks,Clay Holmes,MLB,RP,1,$3.40,,
Young Bucks,Jasson Dominguez,MLB,OF,8,$2.00,,
Young Bucks,Gleyber Torres,MLB,2B,1,$1.50,,
Young Bucks,Ke'Bryan Hayes,MLB,3B,1,$1.50,,
Young Bucks,Michael Toglia,MLB,1B,1,$1.50,,
Young Bucks,Ryan Weathers,MLB,SP,2,$1.29,,
Young Bucks,Austin Wells,MLB,C,1,$1.00,@,
Young Bucks,Garrett Crochet,MLB,SP,1,$1.00,@,
Young Bucks,Jared Jones,MLB,SP,1,$1.00,@,
Young Bucks,Wander Franco ©,Cut,SS,6,$2.55,,
Young Bucks,Miguel Andujar ©,Cut,OF,1,$1.00,,
Young Bucks,Jonathan Cannon,AAA,SP,1,$3 opt,†,
Young Bucks,Osvaldo Bido,AAA,SP,1,$3 opt,†,
Young Bucks,Sean Burke,AAA,SP,1,$3 opt,†,
Young Bucks,Tony Gonsolin,AAA,SP,1,$3 opt,†,
Young Bucks,Frankie Montas,AAA,SP,1,$1.00,@,
Young Bucks,Ben Rice,AA,1B,U,$-,,2
Young Bucks,Bryan Abreu,AA,RP,U,$-,,2
Young Bucks,Cade Smith,AA,RP,U,$-,,2
Young Bucks,Drew Rasmussen,AA,RP,U,$-,,2
Young Bucks,Eury Perez,AA,SP,U,$-,,1
Young Bucks,Hiroto Takahashi,AA,SP,U,$-,,3
Young Bucks,Kris Bubic,AA,SP,U,$-,,2
Young Bucks,Luis Gil,AA,SP,U,$-,,2
Young Bucks,Orion Kerkering,AA,RP,U,$-,,2
Young Bucks,Parker Messick,AA,SP,U,$-,,2
Young Bucks,Porter Hodge,AA,RP,U,$-,,3
Young Bucks,Shunpeita Yamashita,AA,SP,U,$-,,3
Young Bucks,Will Warren,AA,SP,U,$-,,2