,Original Team,NameASCII,fgId,tjid,type,Years,Dollars,Symbol,Options,dup
0,Bayou Shooters,David Peterson,20302,davidpeterson,aaa option,1,$3 opt,†,,False
1,Bayou Shooters,Gavin Lux,19955,gavinlux,aaa option,1,$3 opt,†,,False
2,Bayou Shooters,Ivan Herrera,20599,ivanherrera,aaa option,1,$3 opt,†,,False
3,Bayou Shooters,Spencer Schwellenbach,31846,spencerschwellenbach,contract,2,$6.25,ᴵᴸ⁶⁰,,False
4,Bayou Shooters,Andres Gimenez,19950,andresgimenez,contract,1,$6.00,,,False
5,Bayou Shooters,Anthony Santander,14551,anthonysantander,contract,1,$5.00,,,False
6,Bayou Shooters,Brady Singer,25377,bradysinger,contract,1,$3.00,,,False
7,Bayou Shooters,James Wood,29518,jameswood,contract,7,$1.00,,,False
8,Bayou Shooters,Gavin Williams,30122,gavinwilliams,pre-arb,2,$1.00,@ᴵᴸ⁶⁰,,False
9,Bayou Shooters,Taj Bradley,22543,tajbradley,pre-arb,2,$1.00,@,,False
10,Bayou Shooters,Xavier Edwards,22266,xavieredwards,contract,2,$1.00,,,False
11,Bayou Shooters,Edwin Diaz,14710,edwindiaz,pre-arb,1,$1.00,@,,False
12,Bayou Shooters,Edwin Diaz,sa738152,edwindiaz1,pre-arb,1,$1.00,@,,True
13,Bayou Shooters,Jackson Merrill,29490,jacksonmerrill,pre-arb,1,$1.00,@,,False
14,Bayou Shooters,Oneil Cruz,21711,oneilcruz,pre-arb,1,$1.00,@,,False
15,Bayou Shooters,MJ Melendez,22197,mjmelendez,Arb 1,Arb 1,40%,¹,,False
16,Bayou Shooters,Andrew Abbott,29911,andrewabbott,aaa option,1,$3 opt,†,,False
17,Bayou Shooters,Michael Lorenzen,14843,michaellorenzen,aaa option,1,$3 opt,†,,False
18,Bayou Shooters,Edward Cabrera,21690,edwardcabrera,pre-arb,2,$1.00,@,,False
19,Bayou Shooters,Logan Allen,18555,loganallen,pre-arb,1,$1.00,@,,False
20,Bayou Shooters,Logan Allen,27589,loganallen1,pre-arb,1,$1.00,@,,True
21,Bayou Shooters,Ryne Nelson,26253,rynenelson,pre-arb,1,$1.00,@,,False
22,Bayou Shooters,Alejandro Rosario,sa3023538,alejandrorosario,aa,U,$-,,3.0,False
23,Bayou Shooters,Braden Montgomery,sa3038253,bradenmontgomery,aa,U,$-,,3.0,False
24,Bayou Shooters,Brady House,29993,bradyhouse,aa,U,$-,,3.0,False
25,Bayou Shooters,Demetrio Crisantes,sa3021051,demetriocrisantes,aa,U,$-,,3.0,False
26,Bayou Shooters,Dustin Harris,25705,dustinharris,aa,U,$-,,3.0,False
27,Bayou Shooters,Dustin May,19716,dustinmay,aa,U,$-,,1.0,False
28,Bayou Shooters,Hurston Waldrep,33527,hurstonwaldrep,aa,U,$-,,3.0,False
29,Bayou Shooters,Josue Briceno,sa3018584,josuebriceno,aa,U,$-,,3.0,False
30,Bayou Shooters,Josue De Paula,sa3018591,josuedepaula,aa,U,$-,,3.0,False
31,Bayou Shooters,Kyle Bradish,24586,kylebradish,aa,U,$-,,3.0,False
32,Bayou Shooters,Liam Doyle,sa3030545,liamdoyle,aa,U,$-,,3.0,False
33,Bayou Shooters,Miguel Bleis,sa3016834,miguelbleis,aa,U,$-,,3.0,False
34,Bayou Shooters,River Ryan,29514,riverryan,aa,U,$-,,3.0,False
35,Bayou Shooters,Ronny Mauricio,23698,ronnymauricio,aa,U,$-,,3.0,False
36,Cheating Raiders,Austin Riley,18360,austinriley,Arb 3,Arb 3,80%,³,,False
37,Cheating Raiders,Dylan Cease,18525,dylancease,Arb 3,Arb 3,80%,³,,False
38,Cheating Raiders,Nathaniel Lowe,19566,nathaniellowe,Arb 3,Arb 3,80%,³,,False
39,Cheating Raiders,Logan Gilbert,22250,logangilbert,Arb 2,Arb 2,60%,²,,False
40,Cheating Raiders,Tarik Skubal,22267,tarikskubal,Arb 2,Arb 2,60%,²,,False
41,Cheating Raiders,Adley Rutschman,26288,adleyrutschman,Arb 1,Arb 1,40%,¹,,False
42,Cheating Raiders,Bobby Witt Jr.,25764,bobbywittjr,Arb 1,Arb 1,40%,¹,,False
43,Cheating Raiders,Clarke Schmidt,19899,clarkeschmidt,Arb 1,Arb 1,40%,¹,,False
44,Cheating Raiders,J.P. Crawford,15491,jpcrawford,aaa option,1,$3 opt,†,,False
45,Cheating Raiders,Manny Machado,11493,mannymachado,contract,1,$7.00,,,False
46,Cheating Raiders,Nick Kurtz,35110,nickkurtz,contract,10,$1.13,,,False
47,Cheating Raiders,Nico Hoerner,21479,nicohoerner,contract,1,$1.00,,,False
48,Cheating Raiders,Tanner Bibee,30134,tannerbibee,pre-arb,1,$1.00,@,,False
49,Cheating Raiders,Jason Adam,11861,jasonadam,aaa option,1,$3 opt,†,,False
50,Cheating Raiders,Javier Baez,12979,javierbaez,aaa option,1,$3 opt,†,,False
51,Cheating Raiders,Michael Conforto,16376,michaelconforto,aaa option,1,$3 opt,†,,False
52,Cheating Raiders,Nolan Gorman,22263,nolangorman,aaa option,1,$3 opt,†,,False
53,Cheating Raiders,Cade Povich,30055,cadepovich,aa,U,$-,,3.0,False
54,Cheating Raiders,Chase Dollander,33482,chasedollander,aa,U,$-,,3.0,False
55,Cheating Raiders,Colson Montgomery,29712,colsonmontgomery,aa,U,$-,,3.0,False
56,Cheating Raiders,Drew Thorpe,31967,drewthorpe,aa,U,$-,,3.0,False
57,Cheating Raiders,Edwin Uceta,20539,edwinuceta,aa,U,$-,,3.0,False
58,Cheating Raiders,Maikel Garcia,22715,maikelgarcia,aa,U,$-,,2.0,False
59,Cheating Raiders,Matt Shaw,33322,mattshaw,aa,U,$-,,3.0,False
60,Cheating Raiders,Thomas Harrington,31989,thomasharrington,aa,U,$-,,3.0,False
61,Cheating Raiders,Tyler Black,29949,tylerblack,aa,U,$-,,3.0,False
62,Cheating Raiders,Vance Honeycutt,sa3025526,vancehoneycutt,aa,U,$-,,3.0,False
63,Country Strong,Brandon Lowe,18882,brandonlowe,Arb 3,Arb 3,80%,³,,False
64,Country Strong,Freddy Peralta,18679,freddyperalta,Arb 3,Arb 3,80%,³,,False
65,Country Strong,Shota Imanaga,33829,shotaimanaga,contract,1,$2.35,,,False
66,Country Strong,Cristopher Sanchez,20778,cristophersanchez,contract,1,$1.50,,,False
67,Country Strong,Jackson Chourio,28806,jacksonchourio,contract,8,$1.10,,,False
68,Country Strong,CJ Abrams,25768,cjabrams,contract,7,$1.00,,,False
69,Country Strong,Jack Leiter,30146,jackleiter,contract,5,$1.00,,,False
70,Country Strong,Yoshinobu Yamamoto,33825,yoshinobuyamamoto,contract,3,$1.00,,,False
71,Country Strong,Felix Bautista,20666,felixbautista,pre-arb,2,$1.00,@,,False
72,Country Strong,Fernando Tatis Jr.,19709,fernandotatisjr,contract,2,$1.00,,,False
73,Country Strong,Lucas Giolito,15474,lucasgiolito,pre-arb,2,$1.00,@,,False
74,Country Strong,Miguel Vargas,20178,miguelvargas,pre-arb,2,$1.00,@,,False
75,Country Strong,Gunnar Henderson,26289,gunnarhenderson,pre-arb,1,$1.00,@,,False
76,Country Strong,Jacob deGrom,10954,jacobdegrom,contract,1,$1.00,,,False
77,Country Strong,Eloy Jimenez,17484,eloyjimenez,cut,1,$1.00,,,False
78,Country Strong,Alejandro Kirk,22581,alejandrokirk,aaa option,1,$3 opt,†,,False
79,Country Strong,Camilo Doval,21992,camilodoval,aaa option,1,$3 opt,†,,False
80,Country Strong,Joe Boyle,29608,joeboyle,aaa option,1,$3 opt,†,,False
81,Country Strong,Josh Smith,26396,joshsmith,aaa option,1,$3 opt,†,,False
82,Country Strong,Zack Littell,15823,zacklittell,aaa option,1,$3 opt,†,,False
83,Country Strong,Mike Trout,10155,miketrout,contract,1,$5.00,,,False
84,Country Strong,Nolan Jones,20529,nolanjones,contract,1,$4.50,,,False
85,Country Strong,Jackson Holliday,31781,jacksonholliday,contract,8,$1.15,,,False
86,Country Strong,Kevin McGonigle,sa3022895,kevinmcgonigle,contract,9,$1.00,,,False
87,Country Strong,Munetaka Murakami,sa3063258,munetakamurakami,contract,5,$1.00,,,False
88,Country Strong,Zebby Matthews,31827,zebbymatthews,contract,4,$1.00,,,False
89,Country Strong,Christian Encarnacion-Strand,30011,christianencarnacionstrand,pre-arb,1,$1.00,@,,False
90,Country Strong,Kyle Harrison,27758,kyleharrison,pre-arb,1,$1.00,@,,False
91,Country Strong,Cristian Javier,17606,cristianjavier,aa,U,$-,,3.0,False
92,Country Strong,Grant Taylor,33927,granttaylor,aa,U,$-,,3.0,False
93,Country Strong,Justin Lebron,sa3036129,justinlebron,aa,U,$-,,3.0,False
94,Country Strong,Kyle Manzardo,29794,kylemanzardo,aa,U,$-,,2.0,False
95,Country Strong,Richard Fitts,30160,richardfitts,aa,U,$-,,2.0,False
96,Country Strong,Sebastian Walcott,sa3021069,sebastianwalcott,aa,U,$-,,3.0,False
97,Country Strong,Shane Baz,22264,shanebaz,aa,U,$-,,1.0,False
98,Detroit Nittany Tide,Hunter Greene,22182,huntergreene,Arb 1,Arb 1,40%,¹,,False
99,Detroit Nittany Tide,MacKenzie Gore,22201,mackenziegore,Arb 1,Arb 1,40%,¹,,False
100,Detroit Nittany Tide,Nick Lodolo,26378,nicklodolo,Arb 1,Arb 1,40%,¹,,False
101,Detroit Nittany Tide,Andrew Vaughn,26197,andrewvaughn,aaa option,1,$3 opt,†,,False
102,Detroit Nittany Tide,Jake Irvin,21504,jakeirvin,aaa option,1,$3 opt,†,,False
103,Detroit Nittany Tide,Jake Rogers,19452,jakerogers,aaa option,1,$3 opt,†,,False
104,Detroit Nittany Tide,Luke Weaver,16918,lukeweaver,aaa option,1,$3 opt,†,,False
105,Detroit Nittany Tide,Seiya Suzuki,30116,seiyasuzuki,contract,2,$6.00,,,False
106,Detroit Nittany Tide,Jonathan India,21523,jonathanindia,contract,1,$4.00,,,False
107,Detroit Nittany Tide,Zack Gelof,29766,zackgelof,contract,1,$3.25,,,False
108,Detroit Nittany Tide,Daulton Varsho,19918,daultonvarsho,contract,1,$2.00,,,False
109,Detroit Nittany Tide,Yainer Diaz,23003,yainerdiaz,contract,1,$2.00,,,False
110,Detroit Nittany Tide,Spencer Torkelson,27465,spencertorkelson,contract,6,$1.50,,,False
111,Detroit Nittany Tide,Jackson Jobe,30203,jacksonjobe,pre-arb,2,$1.00,@,,False
112,Detroit Nittany Tide,Chase Silseth,30074,chasesilseth,pre-arb,1,$1.00,@,,False
113,Detroit Nittany Tide,Josh Lowe,19953,joshlowe,pre-arb,1,$1.00,@,,False
114,Detroit Nittany Tide,Mickey Moniak,19956,mickeymoniak,pre-arb,1,$1.00,@,,False
115,Detroit Nittany Tide,Paul Skenes,33677,paulskenes,pre-arb,1,$1.00,@,,False
116,Detroit Nittany Tide,Andre Pallante,26108,andrepallante,aaa option,1,$3 opt,†,,False
117,Detroit Nittany Tide,Austin Gomber,16561,austingomber,aaa option,1,$3 opt,†,,False
118,Detroit Nittany Tide,Chad Green,15552,chadgreen,aaa option,1,$3 opt,†,,False
119,Detroit Nittany Tide,Jose Caballero,23401,josecaballero,aaa option,1,$3 opt,†,,False
120,Detroit Nittany Tide,Trey Sweeney,29575,treysweeney,aaa option,1,$3 opt,†,,False
121,Detroit Nittany Tide,Austin Martin,27462,austinmartin,pre-arb,1,$1.00,@,,False
122,Detroit Nittany Tide,Ian Anderson,19951,iananderson,contract,1,$1.00,,,False
123,Detroit Nittany Tide,Ian Anderson,sa3026044,iananderson1,contract,1,$1.00,,,True
124,Detroit Nittany Tide,Addison Barger,24598,addisonbarger,aa,U,$-,,2.0,False
125,Detroit Nittany Tide,Brody Brecht,sa3027632,brodybrecht,aa,U,$-,,3.0,False
126,Detroit Nittany Tide,Cris Rodriguez,sa3066593,crisrodriguez,aa,U,$-,,3.0,False
127,Detroit Nittany Tide,Cristhian Vaquero,sa3018403,cristhianvaquero,aa,U,$-,,3.0,False
128,Detroit Nittany Tide,Eli Willits,sa3069164,eliwillits,aa,U,$-,,3.0,False
129,Detroit Nittany Tide,Enrique Bradfield Jr.,sa3022917,enriquebradfieldjr,aa,U,$-,,3.0,False
130,Detroit Nittany Tide,Heston Kjerstad,31166,hestonkjerstad,aa,U,$-,,3.0,False
131,Detroit Nittany Tide,Jordyn Adams,23788,jordynadams,aa,U,$-,,3.0,False
132,Detroit Nittany Tide,Kevin Alcantara,25971,kevinalcantara,aa,U,$-,,3.0,False
133,Detroit Nittany Tide,Max Clark,sa3022683,maxclark,aa,U,$-,,3.0,False
134,Detroit Nittany Tide,Travis Honeyman,sa3023679,travishoneyman,aa,U,$-,,3.0,False
135,Detroit Nittany Tide,Yohandy Morales,sa3022672,yohandymorales,aa,U,$-,,3.0,False
136,Dip City Thunder,Alec Bohm,21618,alecbohm,Arb 3,Arb 3,80%,³,,False
137,Dip City Thunder,Jeremy Pena,21636,jeremypena,Arb 2,Arb 2,60%,²,,False
138,Dip City Thunder,Julio Rodriguez,23697,juliorodriguez,Arb 2,Arb 2,60%,²,,False
139,Dip City Thunder,Jarren Duran,24617,jarrenduran,Arb 1,Arb 1,40%,¹,,False
140,Dip City Thunder,Spencer Steer,26323,spencersteer,Arb 1,Arb 1,40%,¹,,False
141,Dip City Thunder,Heliot Ramos,22515,heliotramos,aaa option,1,$3 opt,†,,False
142,Dip City Thunder,Otto Lopez,19608,ottolopez,aaa option,1,$3 opt,†,,False
143,Dip City Thunder,Ryan Jeffers,24618,ryanjeffers,aaa option,1,$3 opt,†,,False
144,Dip City Thunder,Bryan Woo,30279,bryanwoo,contract,1,$4.50,,,False
145,Dip City Thunder,Grant Holmes,16944,grantholmes,contract,1,$1.00,,,False
146,Dip City Thunder,Jose Soriano,22100,josesoriano,contract,1,$1.00,,,False
147,Dip City Thunder,Mason Miller,31757,masonmiller,contract,1,$1.00,,,False
148,Dip City Thunder,Michael Busch,26319,michaelbusch,pre-arb,1,$1.00,@,,False
149,Dip City Thunder,Royce Lewis,20437,roycelewis,pre-arb,1,$1.00,@,,False
150,Dip City Thunder,Davis Martin,21448,davismartin,aaa option,1,$3 opt,†,,False
151,Dip City Thunder,Hayden Wesneski,27581,haydenwesneski,aaa option,1,$3 opt,†,,False
152,Dip City Thunder,Michael McGreevy,29869,michaelmcgreevy,aaa option,1,$3 opt,†,,False
153,Dip City Thunder,Tyler Anderson,12880,tyleranderson,aaa option,1,$3 opt,†,,False
154,Dip City Thunder,Tyler Kinley,18297,tylerkinley,aaa option,1,$3 opt,†,,False
155,Dip City Thunder,Triston Casas,22514,tristoncasas,pre-arb,1,$1.00,@,,False
156,Dip City Thunder,Ben Brown,23590,benbrown,aa,U,$-,,2.0,False
157,Dip City Thunder,Braylon Payne,sa3025647,braylonpayne,aa,U,$-,,3.0,False
158,Dip City Thunder,Cam Smith,35108,camsmith,aa,U,$-,,2.0,False
159,Dip City Thunder,Emil Morales,sa3023887,emilmorales,aa,U,$-,,3.0,False
160,Dip City Thunder,Emmanuel Rodriguez,sa3014693,emmanuelrodriguez,aa,U,$-,,3.0,False
161,Dip City Thunder,Ethan Holliday,sa3069100,ethanholliday,aa,U,$-,,3.0,False
162,Dip City Thunder,Hayden Birdsong,31635,haydenbirdsong,aa,U,$-,,3.0,False
163,Dip City Thunder,Jaison Chourio,sa3018399,jaisonchourio,aa,U,$-,,3.0,False
164,Dip City Thunder,Lazaro Montes,sa3018409,lazaromontes,aa,U,$-,,3.0,False
165,Dip City Thunder,Orelvis Martinez,25967,orelvismartinez,aa,U,$-,,3.0,False
166,Dip City Thunder,Parker Meadows,23800,parkermeadows,aa,U,$-,,1.0,False
167,Dip City Thunder,Thomas White,sa3023268,thomaswhite,aa,U,$-,,3.0,False
168,Midtown Jaguars,Kyle Tucker,18345,kyletucker,Arb 3,Arb 3,80%,³,,False
169,Midtown Jaguars,Jazz Chisholm Jr.,20454,jazzchisholmjr,Arb 2,Arb 2,60%,²,,False
170,Midtown Jaguars,Keibert Ruiz,19610,keibertruiz,Arb 2,Arb 2,60%,²,,False
171,Midtown Jaguars,Bryce Miller,29837,brycemiller,Arb 1,Arb 1,40%,¹,,False
172,Midtown Jaguars,Carlos Santana,2396,carlossantana,aaa option,1,$3 opt,†,,False
173,Midtown Jaguars,Chris Martin,11847,chrismartin,aaa option,1,$3 opt,†,,False
174,Midtown Jaguars,Luis Ortiz,16942,luisortiz,aaa option,1,$3 opt,†,,False
175,Midtown Jaguars,Luis Ortiz,27646,luisortiz1,aaa option,1,$3 opt,†,,True
176,Midtown Jaguars,Matt Wallner,26466,mattwallner,aaa option,1,$3 opt,†,,False
177,Midtown Jaguars,Max Kepler,12144,maxkepler,aaa option,1,$3 opt,†,,False
178,Midtown Jaguars,Sean Murphy,19352,seanmurphy,aaa option,1,$3 opt,†,,False
179,Midtown Jaguars,Bo Bichette,19612,bobichette,contract,1,$4.00,,,False
180,Midtown Jaguars,Randy Arozarena,19290,randyarozarena,contract,1,$2.80,,,False
181,Midtown Jaguars,Reynaldo Lopez,16400,reynaldolopez,contract,1,$2.01,,,False
182,Midtown Jaguars,Bowden Francis,20548,bowdenfrancis,contract,2,$1.10,,,False
183,Midtown Jaguars,Luis Robert Jr.,20043,luisrobertjr,contract,1,$1.00,,,False
184,Midtown Jaguars,Grayson Rodriguez,24492,graysonrodriguez,Arb 1,Arb 1,40%,¹,,False
185,Midtown Jaguars,Hunter Brown,25880,hunterbrown,Arb 1,Arb 1,40%,¹,,False
186,Midtown Jaguars,Vinnie Pasquantino,27676,vinniepasquantino,Arb 1,Arb 1,40%,¹,,False
187,Midtown Jaguars,Ha-Seong Kim,27506,haseongkim,aaa option,1,$3 opt,†,,False
188,Midtown Jaguars,Yoan Moncada,17232,yoanmoncada,aaa option,1,$3 opt,†,,False
189,Midtown Jaguars,Bo Naylor,21865,bonaylor,pre-arb,1,$1.00,@,,False
190,Midtown Jaguars,Agustin Ramirez,26546,agustinramirez,aa,U,$-,,3.0,False
191,Midtown Jaguars,Aidan Smith,sa3022611,aidansmith,aa,U,$-,,3.0,False
192,Midtown Jaguars,Aidan Smith,sa3042471,aidansmith1,aa,U,$-,,3.0,True
193,Midtown Jaguars,Angel Genao,sa3015706,angelgenao,aa,U,$-,,3.0,False
194,Midtown Jaguars,Carson Whisenhunt,31676,carsonwhisenhunt,aa,U,$-,,3.0,False
195,Midtown Jaguars,Carson Williams,30038,carsonwilliams,aa,U,$-,,3.0,False
196,Midtown Jaguars,Christian Moore,34979,christianmoore,aa,U,$-,,3.0,False
197,Midtown Jaguars,Cooper Pratt,sa3022867,cooperpratt,aa,U,$-,,3.0,False
198,Midtown Jaguars,Gary Gill Hill,sa3020972,garygillhill,aa,U,$-,,3.0,False
199,Midtown Jaguars,Jonah Tong,32157,jonahtong,aa,U,$-,,3.0,False
200,Midtown Jaguars,Justin Crawford,sa3020240,justincrawford,aa,U,$-,,3.0,False
201,Midtown Jaguars,Noah Schultz,sa3020949,noahschultz,aa,U,$-,,3.0,False
202,Midtown Jaguars,Oswald Peraza,22823,oswaldperaza,aa,U,$-,,3.0,False
203,Midtown Jaguars,Owen Caissie,27496,owencaissie,aa,U,$-,,3.0,False
204,Midtown Jaguars,Ryan Clifford,sa3020126,ryanclifford,aa,U,$-,,3.0,False
205,Midtown Jaguars,Spencer Jones,sa3019969,spencerjones,aa,U,$-,,3.0,False
206,Midtown Jaguars,Tyler Soderstrom,27467,tylersoderstrom,aa,U,$-,,3.0,False
207,Orlando Renegades,Connor Wong,19896,connorwong,aaa option,1,$3 opt,†,,False
208,Orlando Renegades,Eduardo Rodriguez,13164,eduardorodriguez,aaa option,1,$3 opt,†,,False
209,Orlando Renegades,Griffin Jax,20253,griffinjax,aaa option,1,$3 opt,†,,False
210,Orlando Renegades,Jonathan Aranda,21837,jonathanaranda,aaa option,1,$3 opt,†,,False
211,Orlando Renegades,Jorge Soler,14221,jorgesoler,aaa option,1,$3 opt,†,,False
212,Orlando Renegades,JP Sears,23429,jpsears,aaa option,1,$3 opt,†,,False
213,Orlando Renegades,Lane Thomas,16939,lanethomas,aaa option,1,$3 opt,†,,False
214,Orlando Renegades,Luis Rengifo,19858,luisrengifo,aaa option,1,$3 opt,†,,False
215,Orlando Renegades,Tyler O'Neill,15711,tyleroneill,aaa option,1,$3 opt,†,,False
216,Orlando Renegades,Tyler O'Neill,sa3039169,tyleroneill1,aaa option,1,$3 opt,†,,True
217,Orlando Renegades,Freddie Freeman,5361,freddiefreeman,contract,1,$12.10,,,False
218,Orlando Renegades,Joe Ryan,21390,joeryan,contract,1,$5.50,,,False
219,Orlando Renegades,Spencer Arrighetti,29921,spencerarrighetti,contract,2,$3.40,,,False
220,Orlando Renegades,Gerrit Cole,13125,gerritcole,contract,1,$2.20,,,False
221,Orlando Renegades,Robbie Ray,11486,robbieray,contract,1,$2.00,,,False
222,Orlando Renegades,Ezequiel Tovar,24064,ezequieltovar,contract,3,$1.05,,,False
223,Orlando Renegades,Dylan Crews,33541,dylancrews,pre-arb,2,$1.00,@,,False
224,Orlando Renegades,Junior Caminero,28163,juniorcaminero,pre-arb,2,$1.00,@,,False
225,Orlando Renegades,Wyatt Langford,33333,wyattlangford,pre-arb,2,$1.00,@,,False
226,Orlando Renegades,Ryan Pepiot,26221,ryanpepiot,pre-arb,1,$1.00,@,,False
227,Orlando Renegades,Trevor Bauer,12703,trevorbauer,cut,1,$3.31,,,False
228,Orlando Renegades,Andrew Heaney,15423,andrewheaney,aaa option,1,$3 opt,†,,False
229,Orlando Renegades,Isiah Kiner-Falefa,16512,isiahkinerfalefa,aaa option,1,$3 opt,†,,False
230,Orlando Renegades,Jose Quintana,11423,josequintana,aaa option,1,$3 opt,†,,False
231,Orlando Renegades,Matt Vierling,21558,mattvierling,aaa option,1,$3 opt,†,,False
232,Orlando Renegades,Miles Mikolas,9803,milesmikolas,aaa option,1,$3 opt,†,,False
233,Orlando Renegades,Seth Halvorsen,33294,sethhalvorsen,aaa option,1,$3 opt,†,,False
234,Orlando Renegades,Bobby Miller,27483,bobbymiller,pre-arb,1,$1.00,@,,False
235,Orlando Renegades,Colt Emerson,sa3022923,coltemerson,contract,10,$1.00,,,False
236,Orlando Renegades,Brandon Sproat,33850,brandonsproat,contract,5,$1.00,,,False
237,Orlando Renegades,Andy Pages,24816,andypages,aa,U,$-,,1.0,False
238,Orlando Renegades,Brayden Taylor,sa3022921,braydentaylor,aa,U,$-,,3.0,False
239,Orlando Renegades,Bubba Chandler,29868,bubbachandler,aa,U,$-,,3.0,False
240,Orlando Renegades,Cade Horton,31872,cadehorton,aa,U,$-,,3.0,False
241,Orlando Renegades,Cam Collier,sa3020131,camcollier,aa,U,$-,,3.0,False
242,Orlando Renegades,David Festa,30056,davidfesta,aa,U,$-,,3.0,False
243,Orlando Renegades,Drake Baldwin,31539,drakebaldwin,aa,U,$-,,3.0,False
244,Orlando Renegades,Drew Burress,sa3028100,drewburress,aa,U,$-,,3.0,False
245,Orlando Renegades,Jac Caglianone,35041,jaccaglianone,aa,U,$-,,3.0,False
246,Orlando Renegades,Jace LaViolette,sa3036058,jacelaviolette,aa,U,$-,,3.0,False
247,Orlando Renegades,Joendry Vargas,sa3021067,joendryvargas,aa,U,$-,,3.0,False
248,Orlando Renegades,Kyle Teel,33549,kyleteel,aa,U,$-,,3.0,False
249,Orlando Renegades,Robert Calaz,sa3021078,robertcalaz,aa,U,$-,,3.0,False
250,Orlando Renegades,Sal Stewart,31505,salstewart,aa,U,$-,,3.0,False
251,Orlando Renegades,Travis Bazzana,sa3025129,travisbazzana,aa,U,$-,,3.0,False
252,Orlando Renegades,Travis Sykora,sa3023557,travissykora,aa,U,$-,,3.0,False
253,Orlando Renegades,Tyler Fitzgerald,26208,tylerfitzgerald,aa,U,$-,,2.0,False
254,Orlando Renegades,Walker Jenkins,sa3022894,walkerjenkins,aa,U,$-,,3.0,False
255,Orlando Renegades,Yoeilin Cespedes,sa3021085,yoeilincespedes,aa,U,$-,,3.0,False
256,Ryno World,George Kirby,25436,georgekirby,Arb 1,Arb 1,40%,¹,,False
257,Ryno World,Josh Jung,26299,joshjung,Arb 1,Arb 1,40%,¹,,False
258,Ryno World,Michael Harris II,25931,michaelharrisii,Arb 1,Arb 1,40%,¹,,False
259,Ryno World,Michael Kopech,17282,michaelkopech,Arb 1,Arb 1,40%,¹,,False
260,Ryno World,Alec Burleson,27615,alecburleson,aaa option,1,$3 opt,†,,False
261,Ryno World,Bailey Falter,20070,baileyfalter,aaa option,1,$3 opt,†,,False
262,Ryno World,Justin Verlander,8700,justinverlander,aaa option,1,$3 opt,†,,False
263,Ryno World,Lourdes Gurriel Jr.,19238,lourdesgurrieljr,aaa option,1,$3 opt,†,,False
264,Ryno World,Shohei Ohtani,19755,shoheiohtani,contract,1,$30.50,,,False
265,Ryno World,Ronald Acuna Jr.,18401,ronaldacunajr,contract,3,$11.75,,,False
266,Ryno World,Zac Gallen,19291,zacgallen,contract,1,$7.00,,,False
267,Ryno World,Ozzie Albies,16556,ozziealbies,contract,1,$4.85,,,False
268,Ryno World,Lawrence Butler,22542,lawrencebutler,contract,3,$4.30,,,False
269,Ryno World,Steven Kwan,24610,stevenkwan,contract,1,$3.00,,,False
270,Ryno World,Kumar Rocker,31843,kumarrocker,contract,4,$1.85,,,False
271,Ryno World,Kristian Campbell,33644,kristiancampbell,contract,7,$1.55,,,False
272,Ryno World,Casey Mize,20492,caseymize,contract,3,$1.00,,,False
273,Ryno World,Shane Bieber,19427,shanebieber,contract,3,$1.00,,,False
274,Ryno World,Luis Garcia,6984,luisgarcia,pre-arb,2,$1.00,@,,False
275,Ryno World,Luis Garcia,sa3031942,luisgarcia1,pre-arb,2,$1.00,@,,True
276,Ryno World,Luis Garcia,23735,luisgarcia2,pre-arb,2,$1.00,@,,True
277,Ryno World,Joey Bart,21524,joeybart,contract,1,$1.00,,,False
278,Ryno World,Jose Miranda,20538,josemiranda,Arb 1,Arb 1,40%,¹,,False
279,Ryno World,Jonah Heim,16930,jonahheim,aaa option,1,$3 opt,†,,False
280,Ryno World,Mitch Spence,27707,mitchspence,aaa option,1,$3 opt,†,,False
281,Ryno World,Trevor Story,12564,trevorstory,aaa option,1,$3 opt,†,,False
282,Ryno World,Walker Buehler,19374,walkerbuehler,contract,1,$1.69,,,False
283,Ryno World,Louis Varland,27691,louisvarland,contract,1,$1.00,,,False
284,Ryno World,Yennier Cano,25911,yenniercano,aaa option,1,$3 opt,†,,False
285,Ryno World,Druw Jones,sa3020676,druwjones,contract,8,$1.00,,,False
286,Ryno World,Zac Veen,27770,zacveen,contract,7,$1.00,,,False
287,Ryno World,Ben Joyce,31461,benjoyce,aa,U,$-,,3.0,False
288,Ryno World,Brodie Johnston,sa3065063,brodiejohnston,aa,U,$-,,3.0,False
289,Ryno World,Bryce Rainer,sa3066592,brycerainer,aa,U,$-,,3.0,False
290,Ryno World,Chase Burns,35333,chaseburns,aa,U,$-,,3.0,False
291,Ryno World,Ethan Salas,sa3020881,ethansalas,aa,U,$-,,3.0,False
292,Ryno World,Hagen Smith,sa3025544,hagensmith,aa,U,$-,,3.0,False
293,Ryno World,Henry Davis,29617,henrydavis,aa,U,$-,,2.0,False
294,Ryno World,Jace Jung,31437,jacejung,aa,U,$-,,3.0,False
295,Ryno World,Jacob Gonzalez,sa3022498,jacobgonzalez,aa,U,$-,,3.0,False
296,Ryno World,Jamie Arnold,sa3026225,jamiearnold,aa,U,$-,,3.0,False
297,Ryno World,Liam Hendriks,3548,liamhendriks,aa,U,$-,,3.0,False
298,Ryno World,Luisangel Acuna,26548,luisangelacuna,aa,U,$-,,3.0,False
299,Ryno World,Noble Meyer,sa3022945,noblemeyer,aa,U,$-,,3.0,False
300,Ryno World,Robby Snelling,sa3020707,robbysnelling,aa,U,$-,,3.0,False
301,Ryno World,Xavier Isaac,sa3020498,xavierisaac,aa,U,$-,,3.0,False
302,Springfield Zephyrs,Bryson Stott,26294,brysonstott,Arb 1,Arb 1,40%,¹,,False
303,Springfield Zephyrs,Gabriel Moreno,22664,gabrielmoreno,Arb 1,Arb 1,40%,¹,,False
304,Springfield Zephyrs,Matthew Boyd,15440,matthewboyd,aaa option,1,$3 opt,†,,False
305,Springfield Zephyrs,Tylor Megill,21318,tylormegill,contract,2,$1.50,,,False
306,Springfield Zephyrs,Ceddanne Rafaela,24262,ceddannerafaela,pre-arb,2,$1.00,@,,False
307,Springfield Zephyrs,Connor Norby,29592,connornorby,pre-arb,2,$1.00,@,,False
308,Springfield Zephyrs,Pete Crow-Armstrong,27769,petecrowarmstrong,pre-arb,2,$1.00,@,,False
309,Springfield Zephyrs,Reese Olson,24968,reeseolson,contract,1,$1.00,,,False
310,Springfield Zephyrs,Zach Neto,31347,zachneto,pre-arb,1,$1.00,@,,False
311,Springfield Zephyrs,Brendan McKay,20186,brendanmckay,cut,1,$1.00,,,False
312,Springfield Zephyrs,Clayton Kershaw,2036,claytonkershaw,aaa option,1,$3 opt,†,,False
313,Springfield Zephyrs,Kirby Yates,9073,kirbyyates,aaa option,1,$3 opt,†,,False
314,Springfield Zephyrs,Marcus Stroman,13431,marcusstroman,aaa option,1,$3 opt,†,,False
315,Springfield Zephyrs,Ryan Feltner,21446,ryanfeltner,aaa option,1,$3 opt,†,,False
316,Springfield Zephyrs,Ryan O'Hearn,16442,ryanohearn,aaa option,1,$3 opt,†,,False
317,Springfield Zephyrs,TJ Friedl,19522,tjfriedl,aaa option,1,$3 opt,†,,False
318,Springfield Zephyrs,Logan O'Hoppe,24729,loganohoppe,pre-arb,1,$1.00,@,,False
319,Springfield Zephyrs,AJ Smith-Shawver,29960,ajsmithshawver,aa,U,$-,,3.0,False
320,Springfield Zephyrs,Chase DeLauter,32127,chasedelauter,aa,U,$-,,3.0,False
321,Springfield Zephyrs,Cole Young,31680,coleyoung,aa,U,$-,,3.0,False
322,Springfield Zephyrs,Colt Keith,27899,coltkeith,aa,U,$-,,2.0,False
323,Springfield Zephyrs,Dalton Rushing,31382,daltonrushing,aa,U,$-,,3.0,False
324,Springfield Zephyrs,Harry Ford,29958,harryford,aa,U,$-,,3.0,False
325,Springfield Zephyrs,Jett Williams,sa3020134,jettwilliams,aa,U,$-,,3.0,False
326,Springfield Zephyrs,Jordan Walker,27475,jordanwalker,aa,U,$-,,2.0,False
327,Springfield Zephyrs,Masyn Winn,27479,masynwinn,aa,U,$-,,3.0,False
328,Springfield Zephyrs,Noelvi Marte,26517,noelvimarte,aa,U,$-,,2.0,False
329,Springfield Zephyrs,Samuel Basallo,28824,samuelbasallo,aa,U,$-,,3.0,False
330,Springfield Zephyrs,Tink Hence,sa3014709,tinkhence,aa,U,$-,,3.0,False
331,Structure Fire,Shane McClanahan,21483,shanemcclanahan,Arb 2,Arb 2,60%,²,,False
332,Structure Fire,Tanner Houck,19879,tannerhouck,Arb 2,Arb 2,60%,²,,False
333,Structure Fire,Riley Greene,25976,rileygreene,Arb 1,Arb 1,40%,¹,,False
334,Structure Fire,Dean Kremer,19350,deankremer,aaa option,1,$3 opt,†,,False
335,Structure Fire,Mitchell Parker,27636,mitchellparker,aaa option,1,$3 opt,†,,False
336,Structure Fire,Tobias Myers,22191,tobiasmyers,aaa option,1,$3 opt,†,,False
337,Structure Fire,Tyler Stephenson,17988,tylerstephenson,aaa option,1,$3 opt,†,,False
338,Structure Fire,Marcus Semien,12533,marcussemien,contract,1,$4.55,,,False
339,Structure Fire,Anthony Volpe,27647,anthonyvolpe,contract,6,$2.50,,,False
340,Structure Fire,Jesus Luzardo,19959,jesusluzardo,contract,2,$2.00,,,False
341,Structure Fire,Marcelo Mayer,29668,marcelomayer,contract,7,$1.00,,,False
342,Structure Fire,Colton Cowser,29591,coltoncowser,pre-arb,2,$1.00,@,,False
343,Structure Fire,Elly De La Cruz,26668,ellydelacruz,pre-arb,1,$1.00,@,,False
344,Structure Fire,Francisco Alvarez,26121,franciscoalvarez,pre-arb,1,$1.00,@,,False
345,Structure Fire,Dylan Carlson,20126,dylancarlson,cut,3,$2.15,,,False
346,Structure Fire,Spencer Howard,23252,spencerhoward,cut,1,$1.95,,,False
347,Structure Fire,Asa Lacy,sa3014423,asalacy,cut,4,$1.21,,,False
348,Structure Fire,Alex Kirilloff,20325,alexkirilloff,cut,2,$1.00,,,False
349,Structure Fire,Evan White,20078,evanwhite,cut,2,$1.00,,,False
350,Structure Fire,Andrew Benintendi,17901,andrewbenintendi,aaa option,1,$3 opt,†,,False
351,Structure Fire,Beau Brieske,26079,beaubrieske,aaa option,1,$3 opt,†,,False
352,Structure Fire,James Outman,24770,jamesoutman,contract,1,$2.70,,,False
353,Structure Fire,Jo Adell,20220,joadell,pre-arb,1,$1.00,@,,False
354,Structure Fire,JJ Wetherholt,sa3025154,jjwetherholt,contract,8,$1.00,,,False
355,Structure Fire,Aidan Miller,sa3022609,aidanmiller,aa,U,$-,,3.0,False
356,Structure Fire,Brett Baty,26123,brettbaty,aa,U,$-,,2.0,False
357,Structure Fire,Charlie Condon,sa3025257,charliecondon,aa,U,$-,,3.0,False
358,Structure Fire,DJ Herz,26389,djherz,aa,U,$-,,3.0,False
359,Structure Fire,Edwin Arroyo,sa3017626,edwinarroyo,aa,U,$-,,3.0,False
360,Structure Fire,Jacob Wilson,33266,jacobwilson,aa,U,$-,,3.0,False
361,Structure Fire,Jacob Wilson,sa3045404,jacobwilson1,aa,U,$-,,3.0,True
362,Structure Fire,Jordan Lawlar,29976,jordanlawlar,aa,U,$-,,3.0,False
363,Structure Fire,Josuar De Jesus Gonzalez,sa3067675,josuardejesusgonzalez,aa,U,$-,,3.0,False
364,Structure Fire,Konnor Griffin,sa3065496,konnorgriffin,aa,U,$-,,3.0,False
365,Structure Fire,Luke Keaschall,33321,lukekeaschall,aa,U,$-,,3.0,False
366,Structure Fire,Marco Luciano,25616,marcoluciano,aa,U,$-,,3.0,False
367,Structure Fire,Robert Hassell III,27482,roberthasselliii,aa,U,$-,,3.0,False
368,Structure Fire,Thayron Liranzo,sa3015790,thayronliranzo,aa,U,$-,,3.0,False
369,West Coast Spartans,Corbin Carroll,25878,corbincarroll,Arb 1,Arb 1,40%,¹,,False
370,West Coast Spartans,Griffin Canning,19867,griffincanning,Arb 1,Arb 1,40%,¹,,False
371,West Coast Spartans,Aaron Civale,19479,aaroncivale,aaa option,1,$3 opt,†,,False
372,West Coast Spartans,Erick Fedde,17425,erickfedde,aaa option,1,$3 opt,†,,False
373,West Coast Spartans,Freddy Fermin,21840,freddyfermin,aaa option,1,$3 opt,†,,False
374,West Coast Spartans,Garrett Mitchell,27555,garrettmitchell,aaa option,1,$3 opt,†,,False
375,West Coast Spartans,Lucas Erceg,19360,lucaserceg,aaa option,1,$3 opt,†,,False
376,West Coast Spartans,Spencer Horwitz,26477,spencerhorwitz,aaa option,1,$3 opt,†,,False
377,West Coast Spartans,Devin Williams,15816,devinwilliams,contract,1,$2.30,,,False
378,West Coast Spartans,Christopher Morel,21897,christophermorel,contract,1,$2.00,,,False
379,West Coast Spartans,Max Meyer,27474,maxmeyer,contract,3,$1.70,,,False
380,West Coast Spartans,Ranger Suarez,17277,rangersuarez,contract,1,$1.69,,,False
381,West Coast Spartans,Sandy Alcantara,18684,sandyalcantara,contract,2,$1.05,,,False
382,West Coast Spartans,Evan Carter,27790,evancarter,pre-arb,1,$1.00,@,,False
383,West Coast Spartans,Jung Hoo Lee,33824,junghoolee,contract,1,$1.00,,,False
384,West Coast Spartans,Sal Frelick,29622,salfrelick,pre-arb,1,$1.00,@,,False
385,West Coast Spartans,Caleb Durbin,29646,calebdurbin,aaa option,1,$3 opt,†,,False
386,West Coast Spartans,Kyle Hart,19646,kylehart,aaa option,1,$3 opt,†,,False
387,West Coast Spartans,Simeon Woods Richardson,24494,simeonwoodsrichardson,aaa option,1,$3 opt,†,,False
388,West Coast Spartans,Aaron Ashby,23550,aaronashby,contract,3,$1.25,,,False
389,West Coast Spartans,Brooks Lee,31595,brookslee,pre-arb,2,$1.00,@,,False
390,West Coast Spartans,Andrew Painter,sa3017880,andrewpainter,contract,10,$1.05,,,False
391,West Coast Spartans,Jesus Made,sa3024108,jesusmade,contract,12,$1.00,,,False
392,West Coast Spartans,Adael Amador,27962,adaelamador,aa,U,$-,,3.0,False
393,West Coast Spartans,Bryce Eldridge,33390,bryceeldridge,aa,U,$-,,3.0,False
394,West Coast Spartans,Caden Dana,31508,cadendana,aa,U,$-,,3.0,False
395,West Coast Spartans,Chase Hampton,sa3020682,chasehampton,aa,U,$-,,3.0,False
396,West Coast Spartans,Coby Mayo,28312,cobymayo,aa,U,$-,,3.0,False
397,West Coast Spartans,Felnin Celesten,sa3023381,felnincelesten,aa,U,$-,,3.0,False
398,West Coast Spartans,Gavin Stone,27792,gavinstone,aa,U,$-,,3.0,False
399,West Coast Spartans,Jacob Misiorowski,31623,jacobmisiorowski,aa,U,$-,,3.0,False
400,West Coast Spartans,Jarlin Susana,sa3018808,jarlinsusana,aa,U,$-,,3.0,False
401,West Coast Spartans,Leo De Vries,sa3023363,leodevries,aa,U,$-,,3.0,False
402,West Coast Spartans,Quinn Mathews,sa3023407,quinnmathews,aa,U,$-,,3.0,False
403,West Coast Spartans,Rhett Lowder,33876,rhettlowder,aa,U,$-,,3.0,False
404,West Coast Spartans,Ricky Tiedemann,sa3018096,rickytiedemann,aa,U,$-,,3.0,False
405,West Coast Spartans,Roderick Arias,sa3019674,roderickarias,aa,U,$-,,3.0,False
406,West Coast Spartans,Roki Sasaki,35323,rokisasaki,aa,U,$-,,3.0,False
407,West Coast Spartans,Roman Anthony,31812,romananthony,aa,U,$-,,3.0,False
408,West Coast Spartans,Termarr Johnson,sa3020214,termarrjohnson,aa,U,$-,,3.0,False
409,West Coast Spartans,Zyhir Hope,sa3022703,zyhirhope,aa,U,$-,,3.0,False
410,Young Bucks,Brandon Pfaadt,27782,brandonpfaadt,Arb 1,Arb 1,40%,¹,,False
411,Young Bucks,Brayan Bello,23920,brayanbello,Arb 1,Arb 1,40%,¹,,False
412,Young Bucks,Brandon Nimmo,12927,brandonnimmo,aaa option,1,$3 opt,†,,False
413,Young Bucks,Byron Buxton,14161,byronbuxton,aaa option,1,$3 opt,†,,False
414,Young Bucks,Patrick Bailey,27478,patrickbailey,aaa option,1,$3 opt,†,,False
415,Young Bucks,Cole Ragans,21846,coleragans,contract,1,$5.45,,,False
416,Young Bucks,Clay Holmes,13649,clayholmes,contract,1,$3.40,,,False
417,Young Bucks,Jasson Dominguez,28080,jassondominguez,contract,8,$2.00,,,False
418,Young Bucks,Gleyber Torres,16997,gleybertorres,contract,1,$1.50,,,False
419,Young Bucks,Ke'Bryan Hayes,18577,kebryanhayes,contract,1,$1.50,,,False
420,Young Bucks,Michael Toglia,25845,michaeltoglia,contract,1,$1.50,,,False
421,Young Bucks,Ryan Weathers,23796,ryanweathers,contract,2,$1.29,,,False
422,Young Bucks,Austin Wells,27562,austinwells,pre-arb,1,$1.00,@,,False
423,Young Bucks,Garrett Crochet,27463,garrettcrochet,pre-arb,1,$1.00,@,,False
424,Young Bucks,Jared Jones,27863,jaredjones,pre-arb,1,$1.00,@,,False
425,Young Bucks,Jared Jones,sa3034881,jaredjones1,pre-arb,1,$1.00,@,,True
426,Young Bucks,Wander Franco,23667,wanderfranco,cut,6,$2.55,,,False
427,Young Bucks,Miguel Andujar,15878,miguelandujar,cut,1,$1.00,,,False
428,Young Bucks,Jonathan Cannon,31730,jonathancannon,aaa option,1,$3 opt,†,,False
429,Young Bucks,Osvaldo Bido,23150,osvaldobido,aaa option,1,$3 opt,†,,False
430,Young Bucks,Sean Burke,29878,seanburke,aaa option,1,$3 opt,†,,False
431,Young Bucks,Tony Gonsolin,19388,tonygonsolin,aaa option,1,$3 opt,†,,False
432,Young Bucks,Frankie Montas,14309,frankiemontas,pre-arb,1,$1.00,@,,False
433,Young Bucks,Ben Rice,29576,benrice,aa,U,$-,,2.0,False
434,Young Bucks,Bryan Abreu,16609,bryanabreu,aa,U,$-,,2.0,False
435,Young Bucks,Cade Smith,27867,cadesmith,aa,U,$-,,2.0,False
436,Young Bucks,Drew Rasmussen,25385,drewrasmussen,aa,U,$-,,2.0,False
437,Young Bucks,Eury Perez,27768,euryperez,aa,U,$-,,1.0,False
438,Young Bucks,Hiroto Takahashi,sa3063923,hirototakahashi,aa,U,$-,,3.0,False
439,Young Bucks,Kris Bubic,21455,krisbubic,aa,U,$-,,2.0,False
440,Young Bucks,Luis Gil,21052,luisgil,aa,U,$-,,2.0,False
441,Young Bucks,Orion Kerkering,31776,orionkerkering,aa,U,$-,,2.0,False
442,Young Bucks,Parker Messick,31986,parkermessick,aa,U,$-,,2.0,False
443,Young Bucks,Porter Hodge,26413,porterhodge,aa,U,$-,,3.0,False
444,Young Bucks,Shunpeita Yamashita,sa3063816,shunpeitayamashita,aa,U,$-,,3.0,False
445,Young Bucks,Will Warren,30182,willwarren,aa,U,$-,,2.0,False
