contract_id,tj_id,team_id,contract_type,contract_years,contract_dollars,aa_options,aaa_options,arb_rate
25_con_1,jesusmade,20,contract,12,1.0,,False,
25_con_2,nickkurtz,1,contract,10,1.13,,False,
25_con_3,coltemerson,6,contract,10,1.0,,False,
25_con_4,andrewpainter,20,contract,10,1.05,,False,
25_con_5,kevinmcgonigle,10,contract,9,1.0,,False,
25_con_6,jacksonchourio,10,contract,8,1.1,,False,
25_con_7,druwjones,4,contract,8,1.0,,False,
25_con_8,jacksonholliday,10,contract,8,1.15,,False,
25_con_9,jassondominguez,9,contract,8,2.0,,False,
25_con_10,jjwetherholt,2,contract,8,1.0,,False,
25_con_11,zacveen,4,contract,7,1.0,,False,
25_con_12,marcelomayer,2,contract,7,1.0,,False,
25_con_13,jameswood,3,contract,7,1.0,,False,
25_con_14,kristiancampbell,4,contract,7,1.55,,False,
25_con_15,cjabrams,10,contract,7,1.0,,False,
25_con_16,spencertorkelson,5,contract,6,1.5,,False,
25_con_17,anthonyvolpe,2,contract,6,2.5,,False,
25_con_18,jackleiter,10,contract,5,1.0,,False,
25_con_19,brandonsproat,6,contract,5,1.0,,False,
25_con_20,munetakamurakami,10,contract,5,1.0,,False,
25_con_21,zebbymatthews,10,contract,4,1.0,,False,
25_con_22,kumarrocker,4,contract,4,1.85,,False,
25_con_23,aaronashby,20,contract,3,1.25,,False,
25_con_24,shanebieber,4,contract,3,1.0,,False,
25_con_25,maxmeyer,20,contract,3,1.7,,False,
25_con_26,caseymize,4,contract,3,1.0,,False,
25_con_27,ronaldacunajr,4,contract,3,11.75,,False,
25_con_28,yoshinobuyamamoto,10,contract,3,1.0,,False,
25_con_29,lawrencebutler,4,contract,3,4.3,,False,
25_con_30,ezequieltovar,6,contract,3,1.05,,False,
25_con_31,seiyasuzuki,5,contract,2,6.0,,False,
25_con_32,spencerarrighetti,6,contract,2,3.4,,False,
25_con_33,xavieredwards,3,contract,2,1.0,,False,
25_con_34,spencerschwellenbach,3,contract,2,6.25,,False,
25_con_35,fernandotatisjr,10,contract,2,1.0,,False,
25_con_36,tylormegill,7,contract,2,1.5,,False,
25_con_37,jesusluzardo,2,contract,2,2.0,,False,
25_con_38,ryanweathers,9,contract,2,1.29,,False,
25_con_39,bowdenfrancis,19,contract,2,1.1,,False,
25_con_40,sandyalcantara,20,contract,2,1.05,,False,
25_con_41,nolanjones,10,contract,1,4.5,,False,
25_con_42,miketrout,10,contract,1,5.0,,False,
25_con_43,shotaimanaga,10,contract,1,2.35,,False,
25_con_44,nicohoerner,1,contract,1,1.0,,False,
25_con_45,mannymachado,1,contract,1,7.0,,False,
25_con_46,anthonysantander,3,contract,1,5.0,,False,
25_con_47,bradysinger,3,contract,1,3.0,,False,
25_con_48,andresgimenez,3,contract,1,6.0,,False,
25_con_49,jacobdegrom,10,contract,1,1.0,,False,
25_con_50,cristophersanchez,10,contract,1,1.5,,False,
25_con_51,zackgelof,5,contract,1,3.25,,False,
25_con_52,daultonvarsho,5,contract,1,2.0,,False,
25_con_53,yainerdiaz,5,contract,1,2.0,,False,
25_con_54,iananderson,5,contract,1,1.0,,False,
25_con_55,stevenkwan,4,contract,1,3.0,,False,
25_con_56,ozziealbies,4,contract,1,4.85,,False,
25_con_57,shoheiohtani,4,contract,1,30.5,,False,
25_con_58,zacgallen,4,contract,1,7.0,,False,
25_con_59,joeryan,6,contract,1,5.5,,False,
25_con_60,freddiefreeman,6,contract,1,12.1,,False,
25_con_61,robbieray,6,contract,1,2.0,,False,
25_con_62,gerritcole,6,contract,1,2.2,,False,
25_con_63,luisrobertjr,19,contract,1,1.0,,False,
25_con_64,bryanwoo,8,contract,1,4.5,,False,
25_con_65,josesoriano,8,contract,1,1.0,,False,
25_con_66,grantholmes,8,contract,1,1.0,,False,
25_con_67,masonmiller,8,contract,1,1.0,,False,
25_con_68,bobichette,19,contract,1,4.0,,False,
25_con_69,randyarozarena,19,contract,1,2.8,,False,
25_con_70,reynaldolopez,19,contract,1,2.01,,False,
25_con_71,jonathanindia,5,contract,1,4.0,,False,
25_con_72,marcussemien,2,contract,1,4.55,,False,
25_con_73,jamesoutman,2,contract,1,2.7,,False,
25_con_74,walkerbuehler,4,contract,1,1.69,,False,
25_con_75,louisvarland,4,contract,1,1.0,,False,
25_con_76,joeybart,4,contract,1,1.0,,False,
25_con_77,reeseolson,7,contract,1,1.0,,False,
25_con_78,rangersuarez,20,contract,1,1.69,,False,
25_con_79,junghoolee,20,contract,1,1.0,,False,
25_con_80,devinwilliams,20,contract,1,2.3,,False,
25_con_81,christophermorel,20,contract,1,2.0,,False,
25_con_82,coleragans,9,contract,1,5.45,,False,
25_con_83,clayholmes,9,contract,1,3.4,,False,
25_con_84,gleybertorres,9,contract,1,1.5,,False,
25_con_85,kebryanhayes,9,contract,1,1.5,,False,
25_con_86,michaeltoglia,9,contract,1,1.5,,False,
25_aaa_1,davidpeterson,3,aaa_opt,1,0.0,,True,
25_aaa_2,gavinlux,3,aaa_opt,1,0.0,,True,
25_aaa_3,ivanherrera,3,aaa_opt,1,0.0,,True,
25_aaa_4,andrewabbott,3,aaa_opt,1,0.0,,True,
25_aaa_5,michaellorenzen,3,aaa_opt,1,0.0,,True,
25_aaa_6,jpcrawford,1,aaa_opt,1,0.0,,True,
25_aaa_7,jasonadam,1,aaa_opt,1,0.0,,True,
25_aaa_8,javierbaez,1,aaa_opt,1,0.0,,True,
25_aaa_9,michaelconforto,1,aaa_opt,1,0.0,,True,
25_aaa_10,nolangorman,1,aaa_opt,1,0.0,,True,
25_aaa_11,alejandrokirk,10,aaa_opt,1,0.0,,True,
25_aaa_12,camilodoval,10,aaa_opt,1,0.0,,True,
25_aaa_13,joeboyle,10,aaa_opt,1,0.0,,True,
25_aaa_14,joshsmith,10,aaa_opt,1,0.0,,True,
25_aaa_15,zacklittell,10,aaa_opt,1,0.0,,True,
25_aaa_16,andrewvaughn,5,aaa_opt,1,0.0,,True,
25_aaa_17,jakeirvin,5,aaa_opt,1,0.0,,True,
25_aaa_18,jakerogers,5,aaa_opt,1,0.0,,True,
25_aaa_19,lukeweaver,5,aaa_opt,1,0.0,,True,
25_aaa_20,andrepallante,5,aaa_opt,1,0.0,,True,
25_aaa_21,austingomber,5,aaa_opt,1,0.0,,True,
25_aaa_22,chadgreen,5,aaa_opt,1,0.0,,True,
25_aaa_23,josecaballero,5,aaa_opt,1,0.0,,True,
25_aaa_24,treysweeney,5,aaa_opt,1,0.0,,True,
25_aaa_25,heliotramos,8,aaa_opt,1,0.0,,True,
25_aaa_26,ottolopez,8,aaa_opt,1,0.0,,True,
25_aaa_27,ryanjeffers,8,aaa_opt,1,0.0,,True,
25_aaa_28,davismartin,8,aaa_opt,1,0.0,,True,
25_aaa_29,haydenwesneski,8,aaa_opt,1,0.0,,True,
25_aaa_30,michaelmcgreevy,8,aaa_opt,1,0.0,,True,
25_aaa_31,tyleranderson,8,aaa_opt,1,0.0,,True,
25_aaa_32,tylerkinley,8,aaa_opt,1,0.0,,True,
25_aaa_33,carlossantana,19,aaa_opt,1,0.0,,True,
25_aaa_34,chrismartin,19,aaa_opt,1,0.0,,True,
25_aaa_35,luisortiz1,19,aaa_opt,1,0.0,,True,
25_aaa_36,mattwallner,19,aaa_opt,1,0.0,,True,
25_aaa_37,maxkepler,19,aaa_opt,1,0.0,,True,
25_aaa_38,seanmurphy,19,aaa_opt,1,0.0,,True,
25_aaa_39,haseongkim,19,aaa_opt,1,0.0,,True,
25_aaa_40,yoanmoncada,19,aaa_opt,1,0.0,,True,
25_aaa_41,connorwong,6,aaa_opt,1,0.0,,True,
25_aaa_42,eduardorodriguez,6,aaa_opt,1,0.0,,True,
25_aaa_43,griffinjax,6,aaa_opt,1,0.0,,True,
25_aaa_44,jonathanaranda,6,aaa_opt,1,0.0,,True,
25_aaa_45,jorgesoler,6,aaa_opt,1,0.0,,True,
25_aaa_46,jpsears,6,aaa_opt,1,0.0,,True,
25_aaa_47,lanethomas,6,aaa_opt,1,0.0,,True,
25_aaa_48,luisrengifo,6,aaa_opt,1,0.0,,True,
25_aaa_49,tyleroneill,6,aaa_opt,1,0.0,,True,
25_aaa_50,andrewheaney,6,aaa_opt,1,0.0,,True,
25_aaa_51,isiahkinerfalefa,6,aaa_opt,1,0.0,,True,
25_aaa_52,josequintana,6,aaa_opt,1,0.0,,True,
25_aaa_53,mattvierling,6,aaa_opt,1,0.0,,True,
25_aaa_54,milesmikolas,6,aaa_opt,1,0.0,,True,
25_aaa_55,sethhalvorsen,6,aaa_opt,1,0.0,,True,
25_aaa_56,alecburleson,4,aaa_opt,1,0.0,,True,
25_aaa_57,baileyfalter,4,aaa_opt,1,0.0,,True,
25_aaa_58,justinverlander,4,aaa_opt,1,0.0,,True,
25_aaa_59,lourdesgurrieljr,4,aaa_opt,1,0.0,,True,
25_aaa_60,jonahheim,4,aaa_opt,1,0.0,,True,
25_aaa_61,mitchspence,4,aaa_opt,1,0.0,,True,
25_aaa_62,trevorstory,4,aaa_opt,1,0.0,,True,
25_aaa_63,yenniercano,4,aaa_opt,1,0.0,,True,
25_aaa_64,matthewboyd,7,aaa_opt,1,0.0,,True,
25_aaa_65,claytonkershaw,7,aaa_opt,1,0.0,,True,
25_aaa_66,kirbyyates,7,aaa_opt,1,0.0,,True,
25_aaa_67,marcusstroman,7,aaa_opt,1,0.0,,True,
25_aaa_68,ryanfeltner,7,aaa_opt,1,0.0,,True,
25_aaa_69,ryanohearn,7,aaa_opt,1,0.0,,True,
25_aaa_70,tjfriedl,7,aaa_opt,1,0.0,,True,
25_aaa_71,deankremer,2,aaa_opt,1,0.0,,True,
25_aaa_72,mitchellparker,2,aaa_opt,1,0.0,,True,
25_aaa_73,tobiasmyers,2,aaa_opt,1,0.0,,True,
25_aaa_74,tylerstephenson,2,aaa_opt,1,0.0,,True,
25_aaa_75,andrewbenintendi,2,aaa_opt,1,0.0,,True,
25_aaa_76,beaubrieske,2,aaa_opt,1,0.0,,True,
25_aaa_77,aaroncivale,20,aaa_opt,1,0.0,,True,
25_aaa_78,erickfedde,20,aaa_opt,1,0.0,,True,
25_aaa_79,freddyfermin,20,aaa_opt,1,0.0,,True,
25_aaa_80,garrettmitchell,20,aaa_opt,1,0.0,,True,
25_aaa_81,lucaserceg,20,aaa_opt,1,0.0,,True,
25_aaa_82,spencerhorwitz,20,aaa_opt,1,0.0,,True,
25_aaa_83,calebdurbin,20,aaa_opt,1,0.0,,True,
25_aaa_84,kylehart,20,aaa_opt,1,0.0,,True,
25_aaa_85,simeonwoodsrichardson,20,aaa_opt,1,0.0,,True,
25_aaa_86,brandonnimmo,9,aaa_opt,1,0.0,,True,
25_aaa_87,byronbuxton,9,aaa_opt,1,0.0,,True,
25_aaa_88,patrickbailey,9,aaa_opt,1,0.0,,True,
25_aaa_89,jonathancannon,9,aaa_opt,1,0.0,,True,
25_aaa_90,osvaldobido,9,aaa_opt,1,0.0,,True,
25_aaa_91,seanburke,9,aaa_opt,1,0.0,,True,
25_aaa_92,tonygonsolin,9,aaa_opt,1,0.0,,True,
25_aa_1,alejandrorosario,3,aa,,0.0,3,False,
25_aa_2,bradenmontgomery,3,aa,,0.0,3,False,
25_aa_3,bradyhouse,3,aa,,0.0,3,False,
25_aa_4,demetriocrisantes,3,aa,,0.0,3,False,
25_aa_5,dustinharris,3,aa,,0.0,3,False,
25_aa_6,dustinmay,3,aa,,0.0,1,False,
25_aa_7,hurstonwaldrep,3,aa,,0.0,3,False,
25_aa_8,josuebriceno,3,aa,,0.0,3,False,
25_aa_9,josuedepaula,3,aa,,0.0,3,False,
25_aa_10,kylebradish,3,aa,,0.0,3,False,
25_aa_11,liamdoyle,3,aa,,0.0,3,False,
25_aa_12,miguelbleis,3,aa,,0.0,3,False,
25_aa_13,riverryan,3,aa,,0.0,3,False,
25_aa_14,ronnymauricio,3,aa,,0.0,3,False,
25_aa_15,cadepovich,1,aa,,0.0,3,False,
25_aa_16,chasedollander,1,aa,,0.0,3,False,
25_aa_17,colsonmontgomery,1,aa,,0.0,3,False,
25_aa_18,drewthorpe,1,aa,,0.0,3,False,
25_aa_19,edwinuceta,1,aa,,0.0,3,False,
25_aa_20,maikelgarcia,1,aa,,0.0,2,False,
25_aa_21,mattshaw,1,aa,,0.0,3,False,
25_aa_22,thomasharrington,1,aa,,0.0,3,False,
25_aa_23,tylerblack,1,aa,,0.0,3,False,
25_aa_24,vancehoneycutt,1,aa,,0.0,3,False,
25_aa_25,cristianjavier,10,aa,,0.0,3,False,
25_aa_26,granttaylor,10,aa,,0.0,3,False,
25_aa_27,justinlebron,10,aa,,0.0,3,False,
25_aa_28,kylemanzardo,10,aa,,0.0,2,False,
25_aa_29,richardfitts,10,aa,,0.0,2,False,
25_aa_30,sebastianwalcott,10,aa,,0.0,3,False,
25_aa_31,shanebaz,10,aa,,0.0,1,False,
25_aa_32,addisonbarger,5,aa,,0.0,2,False,
25_aa_33,brodybrecht,5,aa,,0.0,3,False,
25_aa_34,crisrodriguez,5,aa,,0.0,3,False,
25_aa_35,cristhianvaquero,5,aa,,0.0,3,False,
25_aa_36,eliwillits,5,aa,,0.0,3,False,
25_aa_37,enriquebradfieldjr,5,aa,,0.0,3,False,
25_aa_38,hestonkjerstad,5,aa,,0.0,3,False,
25_aa_39,jordynadams,5,aa,,0.0,3,False,
25_aa_40,kevinalcantara,5,aa,,0.0,3,False,
25_aa_41,maxclark,5,aa,,0.0,3,False,
25_aa_42,travishoneyman,5,aa,,0.0,3,False,
25_aa_43,yohandymorales,5,aa,,0.0,3,False,
25_aa_44,benbrown,8,aa,,0.0,2,False,
25_aa_45,braylonpayne,8,aa,,0.0,3,False,
25_aa_46,camsmith,8,aa,,0.0,2,False,
25_aa_47,emilmorales,8,aa,,0.0,3,False,
25_aa_48,emmanuelrodriguez,8,aa,,0.0,3,False,
25_aa_49,ethanholliday,8,aa,,0.0,3,False,
25_aa_50,haydenbirdsong,8,aa,,0.0,3,False,
25_aa_51,jaisonchourio,8,aa,,0.0,3,False,
25_aa_52,lazaromontes,8,aa,,0.0,3,False,
25_aa_53,orelvismartinez,8,aa,,0.0,3,False,
25_aa_54,parkermeadows,8,aa,,0.0,1,False,
25_aa_55,thomaswhite,8,aa,,0.0,3,False,
25_aa_56,agustinramirez,19,aa,,0.0,3,False,
25_aa_57,aidansmith,19,aa,,0.0,3,False,
25_aa_58,angelgenao,19,aa,,0.0,3,False,
25_aa_59,carsonwhisenhunt,19,aa,,0.0,3,False,
25_aa_60,carsonwilliams,19,aa,,0.0,3,False,
25_aa_61,christianmoore,19,aa,,0.0,3,False,
25_aa_62,cooperpratt,19,aa,,0.0,3,False,
25_aa_63,garygillhill,19,aa,,0.0,3,False,
25_aa_64,jonahtong,19,aa,,0.0,3,False,
25_aa_65,justincrawford,19,aa,,0.0,3,False,
25_aa_66,noahschultz,19,aa,,0.0,3,False,
25_aa_67,oswaldperaza,19,aa,,0.0,3,False,
25_aa_68,owencaissie,19,aa,,0.0,3,False,
25_aa_69,ryanclifford,19,aa,,0.0,3,False,
25_aa_70,spencerjones,19,aa,,0.0,3,False,
25_aa_71,tylersoderstrom,19,aa,,0.0,3,False,
25_aa_72,andypages,6,aa,,0.0,1,False,
25_aa_73,braydentaylor,6,aa,,0.0,3,False,
25_aa_74,bubbachandler,6,aa,,0.0,3,False,
25_aa_75,cadehorton,6,aa,,0.0,3,False,
25_aa_76,camcollier,6,aa,,0.0,3,False,
25_aa_77,davidfesta,6,aa,,0.0,3,False,
25_aa_78,drakebaldwin,6,aa,,0.0,3,False,
25_aa_79,drewburress,6,aa,,0.0,3,False,
25_aa_80,jaccaglianone,6,aa,,0.0,3,False,
25_aa_81,jacelaviolette,6,aa,,0.0,3,False,
25_aa_82,joendryvargas,6,aa,,0.0,3,False,
25_aa_83,kyleteel,6,aa,,0.0,3,False,
25_aa_84,robertcalaz,6,aa,,0.0,3,False,
25_aa_85,salstewart,6,aa,,0.0,3,False,
25_aa_86,travisbazzana,6,aa,,0.0,3,False,
25_aa_87,travissykora,6,aa,,0.0,3,False,
25_aa_88,tylerfitzgerald,6,aa,,0.0,2,False,
25_aa_89,walkerjenkins,6,aa,,0.0,3,False,
25_aa_90,yoeilincespedes,6,aa,,0.0,3,False,
25_aa_91,benjoyce,4,aa,,0.0,3,False,
25_aa_92,brodiejohnston,4,aa,,0.0,3,False,
25_aa_93,brycerainer,4,aa,,0.0,3,False,
25_aa_94,chaseburns,4,aa,,0.0,3,False,
25_aa_95,ethansalas,4,aa,,0.0,3,False,
25_aa_96,hagensmith,4,aa,,0.0,3,False,
25_aa_97,henrydavis,4,aa,,0.0,2,False,
25_aa_98,jacejung,4,aa,,0.0,3,False,
25_aa_99,jacobgonzalez,4,aa,,0.0,3,False,
25_aa_100,jamiearnold,4,aa,,0.0,3,False,
25_aa_101,liamhendriks,4,aa,,0.0,3,False,
25_aa_102,luisangelacuna,4,aa,,0.0,3,False,
25_aa_103,noblemeyer,4,aa,,0.0,3,False,
25_aa_104,robbysnelling,4,aa,,0.0,3,False,
25_aa_105,xavierisaac,4,aa,,0.0,3,False,
25_aa_106,ajsmithshawver,7,aa,,0.0,3,False,
25_aa_107,chasedelauter,7,aa,,0.0,3,False,
25_aa_108,coleyoung,7,aa,,0.0,3,False,
25_aa_109,coltkeith,7,aa,,0.0,2,False,
25_aa_110,daltonrushing,7,aa,,0.0,3,False,
25_aa_111,harryford,7,aa,,0.0,3,False,
25_aa_112,jettwilliams,7,aa,,0.0,3,False,
25_aa_113,jordanwalker,7,aa,,0.0,2,False,
25_aa_114,masynwinn,7,aa,,0.0,3,False,
25_aa_115,noelvimarte,7,aa,,0.0,2,False,
25_aa_116,samuelbasallo,7,aa,,0.0,3,False,
25_aa_117,tinkhence,7,aa,,0.0,3,False,
25_aa_118,aidanmiller,2,aa,,0.0,3,False,
25_aa_119,brettbaty,2,aa,,0.0,2,False,
25_aa_120,charliecondon,2,aa,,0.0,3,False,
25_aa_121,djherz,2,aa,,0.0,3,False,
25_aa_122,edwinarroyo,2,aa,,0.0,3,False,
25_aa_123,jacobwilson,2,aa,,0.0,3,False,
25_aa_124,jordanlawlar,2,aa,,0.0,3,False,
25_aa_125,josuardejesusgonzalez,2,aa,,0.0,3,False,
25_aa_126,konnorgriffin,2,aa,,0.0,3,False,
25_aa_127,lukekeaschall,2,aa,,0.0,3,False,
25_aa_128,marcoluciano,2,aa,,0.0,3,False,
25_aa_129,roberthasselliii,2,aa,,0.0,3,False,
25_aa_130,thayronliranzo,2,aa,,0.0,3,False,
25_aa_131,adaelamador,20,aa,,0.0,3,False,
25_aa_132,bryceeldridge,20,aa,,0.0,3,False,
25_aa_133,cadendana,20,aa,,0.0,3,False,
25_aa_134,chasehampton,20,aa,,0.0,3,False,
25_aa_135,cobymayo,20,aa,,0.0,3,False,
25_aa_136,felnincelesten,20,aa,,0.0,3,False,
25_aa_137,gavinstone,20,aa,,0.0,3,False,
25_aa_138,jacobmisiorowski,20,aa,,0.0,3,False,
25_aa_139,jarlinsusana,20,aa,,0.0,3,False,
25_aa_140,leodevries,20,aa,,0.0,3,False,
25_aa_141,quinnmathews,20,aa,,0.0,3,False,
25_aa_142,rhettlowder,20,aa,,0.0,3,False,
25_aa_143,rickytiedemann,20,aa,,0.0,3,False,
25_aa_144,roderickarias,20,aa,,0.0,3,False,
25_aa_145,rokisasaki,20,aa,,0.0,3,False,
25_aa_146,romananthony,20,aa,,0.0,3,False,
25_aa_147,termarrjohnson,20,aa,,0.0,3,False,
25_aa_148,zyhirhope,20,aa,,0.0,3,False,
25_aa_149,benrice,9,aa,,0.0,2,False,
25_aa_150,bryanabreu,9,aa,,0.0,2,False,
25_aa_151,cadesmith,9,aa,,0.0,2,False,
25_aa_152,drewrasmussen,9,aa,,0.0,2,False,
25_aa_153,euryperez,9,aa,,0.0,1,False,
25_aa_154,hirototakahashi,9,aa,,0.0,3,False,
25_aa_155,krisbubic,9,aa,,0.0,2,False,
25_aa_156,luisgil,9,aa,,0.0,2,False,
25_aa_157,orionkerkering,9,aa,,0.0,2,False,
25_aa_158,parkermessick,9,aa,,0.0,2,False,
25_aa_159,porterhodge,9,aa,,0.0,3,False,
25_aa_160,shunpeitayamashita,9,aa,,0.0,3,False,
25_aa_161,willwarren,9,aa,,0.0,2,False,
25_cut_1,eloyjimenez,10,cut,1,1.0,,False,
25_cut_2,trevorbauer,6,cut,1,3.31,,False,
25_cut_3,brendanmckay,7,cut,1,1.0,,False,
25_cut_4,dylancarlson,2,cut,3,2.15,,False,
25_cut_5,spencerhoward,2,cut,1,1.95,,False,
25_cut_6,asalacy,2,cut,4,1.21,,False,
25_cut_7,alexkirilloff,2,cut,2,1.0,,False,
25_cut_8,evanwhite,2,cut,2,1.0,,False,
25_cut_9,wanderfranco,9,cut,6,2.55,,False,
25_cut_10,miguelandujar,9,cut,1,1.0,,False,
25_prearb_1,gavinwilliams,3,pre_arb,2,1.0,,False,
25_prearb_2,tajbradley,3,pre_arb,2,1.0,,False,
25_prearb_3,edwindiaz,3,pre_arb,1,1.0,,False,
25_prearb_4,jacksonmerrill,3,pre_arb,1,1.0,,False,
25_prearb_5,oneilcruz,3,pre_arb,1,1.0,,False,
25_prearb_6,edwardcabrera,3,pre_arb,2,1.0,,False,
25_prearb_7,loganallen1,3,pre_arb,1,1.0,,False,
25_prearb_8,rynenelson,3,pre_arb,1,1.0,,False,
25_prearb_9,tannerbibee,1,pre_arb,1,1.0,,False,
25_prearb_10,felixbautista,10,pre_arb,2,1.0,,False,
25_prearb_11,lucasgiolito,10,pre_arb,2,1.0,,False,
25_prearb_12,miguelvargas,10,pre_arb,2,1.0,,False,
25_prearb_13,gunnarhenderson,10,pre_arb,1,1.0,,False,
25_prearb_14,christianencarnacionstrand,10,pre_arb,1,1.0,,False,
25_prearb_15,kyleharrison,10,pre_arb,1,1.0,,False,
25_prearb_16,jacksonjobe,5,pre_arb,2,1.0,,False,
25_prearb_17,chasesilseth,5,pre_arb,1,1.0,,False,
25_prearb_18,joshlowe,5,pre_arb,1,1.0,,False,
25_prearb_19,mickeymoniak,5,pre_arb,1,1.0,,False,
25_prearb_20,paulskenes,5,pre_arb,1,1.0,,False,
25_prearb_21,austinmartin,5,pre_arb,1,1.0,,False,
25_prearb_22,michaelbusch,8,pre_arb,1,1.0,,False,
25_prearb_23,roycelewis,8,pre_arb,1,1.0,,False,
25_prearb_24,tristoncasas,8,pre_arb,1,1.0,,False,
25_prearb_25,bonaylor,19,pre_arb,1,1.0,,False,
25_prearb_26,dylancrews,6,pre_arb,2,1.0,,False,
25_prearb_27,juniorcaminero,6,pre_arb,2,1.0,,False,
25_prearb_28,wyattlangford,6,pre_arb,2,1.0,,False,
25_prearb_29,ryanpepiot,6,pre_arb,1,1.0,,False,
25_prearb_30,bobbymiller,6,pre_arb,1,1.0,,False,
25_prearb_31,luisgarcia2,4,pre_arb,2,1.0,,False,
25_prearb_32,ceddannerafaela,7,pre_arb,2,1.0,,False,
25_prearb_33,connornorby,7,pre_arb,2,1.0,,False,
25_prearb_34,petecrowarmstrong,7,pre_arb,2,1.0,,False,
25_prearb_35,zachneto,7,pre_arb,1,1.0,,False,
25_prearb_36,loganohoppe,7,pre_arb,1,1.0,,False,
25_prearb_37,coltoncowser,2,pre_arb,2,1.0,,False,
25_prearb_38,ellydelacruz,2,pre_arb,1,1.0,,False,
25_prearb_39,franciscoalvarez,2,pre_arb,1,1.0,,False,
25_prearb_40,joadell,2,pre_arb,1,1.0,,False,
25_prearb_41,evancarter,20,pre_arb,1,1.0,,False,
25_prearb_42,salfrelick,20,pre_arb,1,1.0,,False,
25_prearb_43,brookslee,20,pre_arb,2,1.0,,False,
25_prearb_44,austinwells,9,pre_arb,1,1.0,,False,
25_prearb_45,garrettcrochet,9,pre_arb,1,1.0,,False,
25_prearb_46,jaredjones,9,pre_arb,1,1.0,,False,
25_prearb_47,frankiemontas,9,pre_arb,1,1.0,,False,
25_arb_1,dylancease,1,arb3,,0.0,,False,0.8
25_arb_2,nathaniellowe,1,arb3,,0.0,,False,0.8
25_arb_3,austinriley,1,arb3,,0.0,,False,0.8
25_arb_4,kyletucker,19,arb3,,0.0,,False,0.8
25_arb_5,brandonlowe,10,arb3,,0.0,,False,0.8
25_arb_6,freddyperalta,10,arb3,,0.0,,False,0.8
25_arb_7,alecbohm,8,arb3,,0.0,,False,0.8
25_arb_8,jazzchisholmjr,19,arb2,,0.0,,False,0.6
25_arb_9,tannerhouck,2,arb2,,0.0,,False,0.6
25_arb_10,keibertruiz,19,arb2,,0.0,,False,0.6
25_arb_11,juliorodriguez,8,arb2,,0.0,,False,0.6
25_arb_12,jeremypena,8,arb2,,0.0,,False,0.6
25_arb_13,shanemcclanahan,2,arb2,,0.0,,False,0.6
25_arb_14,tarikskubal,1,arb2,,0.0,,False,0.6
25_arb_15,logangilbert,1,arb2,,0.0,,False,0.6
25_arb_16,georgekirby,4,arb1,,0.0,,False,0.4
25_arb_17,rileygreene,2,arb1,,0.0,,False,0.4
25_arb_18,corbincarroll,20,arb1,,0.0,,False,0.4
25_arb_19,griffincanning,20,arb1,,0.0,,False,0.4
25_arb_20,gabrielmoreno,7,arb1,,0.0,,False,0.4
25_arb_21,brysonstott,7,arb1,,0.0,,False,0.4
25_arb_22,brandonpfaadt,9,arb1,,0.0,,False,0.4
25_arb_23,josemiranda,4,arb1,,0.0,,False,0.4
25_arb_24,michaelkopech,4,arb1,,0.0,,False,0.4
25_arb_25,michaelharrisii,4,arb1,,0.0,,False,0.4
25_arb_26,joshjung,4,arb1,,0.0,,False,0.4
25_arb_27,mjmelendez,3,arb1,,0.0,,False,0.4
25_arb_28,vinniepasquantino,19,arb1,,0.0,,False,0.4
25_arb_29,hunterbrown,19,arb1,,0.0,,False,0.4
25_arb_30,graysonrodriguez,19,arb1,,0.0,,False,0.4
25_arb_31,brycemiller,19,arb1,,0.0,,False,0.4
25_arb_32,spencersteer,8,arb1,,0.0,,False,0.4
25_arb_33,jarrenduran,8,arb1,,0.0,,False,0.4
25_arb_34,nicklodolo,5,arb1,,0.0,,False,0.4
25_arb_35,mackenziegore,5,arb1,,0.0,,False,0.4
25_arb_36,huntergreene,5,arb1,,0.0,,False,0.4
25_arb_37,clarkeschmidt,1,arb1,,0.0,,False,0.4
25_arb_38,bobbywittjr,1,arb1,,0.0,,False,0.4
25_arb_39,adleyrutschman,1,arb1,,0.0,,False,0.4
25_arb_40,brayanbello,9,arb1,,0.0,,False,0.4
