tj_id,player_mlb_org,player_pos,player_age,player_jersey
shoheiohtani,LAD,DH,31,17
aaronjudge,NYY,OF,34,99
juansoto,NYM,OF,27,22
paulskenes,PIT,SP,24,30
joseramirez,CLE,3B,33,11
tarikskubal,DET,SP,29,29
garrettcrochet,BOS,SP,27,35
bobbywittjr,KCR,SS,26,7
kyletucker,LAD,OF,29,23
calraleigh,SEA,C,29,29
corbincarroll,ARI,OF,25,7
yoshinobuyamamoto,LAD,SP,27,18
logangilbert,SEA,SP,29,36
kyleschwarber,PHI,DH,33,12
loganwebb,SFG,SP,29,62
bryanwoo,SEA,SP,26,22
maxfried,NYY,SP,32,54
fernandotatisjr,SDP,OF,27,23
juliorodriguez,SEA,OF,25,44
juniorcaminero,TBR,3B,22,13
freddyperalta,NYM,SP,30,51
hunterbrown,HOU,SP,27,58
ketelmarte,ARI,2B,32,4
cristophersanchez,PHI,SP,29,61
franciscolindor,NYM,SS,32,12
chrissale,ATL,SP,37,51
mannymachado,SDP,3B,33,13
ronaldacunajr,ATL,OF,28,13
yordanalvarez,HOU,DH,29,44
gunnarhenderson,BAL,SS,25,2
alexbregman,CHC,3B,32,3
huntergreene,CIN,SP,26,21
vladimirguerrerojr,TOR,1B,27,27
masonmiller,SDP,RP,27,22
dylancease,TOR,SP,30,84
edwindiaz,LAD,RP,32,3
brentrooker,ATH,DH,31,25
joeryan,MIN,SP,30,41
frambervaldez,FA,SP,32,59
williamcontreras,MIL,C,28,24
andresmunoz,SEA,RP,27,75
nickpivetta,SDP,SP,33,27
nicohoerner,CHC,2B,29,2
codybellinger,NYY,OF,30,35
cadesmith,CLE,RP,27,36
coleragans,KCR,SP,28,55
jacksonchourio,MIL,OF,22,11
georgekirby,SEA,SP,28,68
mookiebetts,LAD,SS,33,50
joshhader,HOU,RP,32,71
jarrenduran,BOS,OF,29,16
blakesnell,LAD,SP,33,7
jhoanduran,PHI,RP,28,59
kevingausman,TOR,SP,35,34
jacksonmerrill,SDP,OF,23,3
devinwilliams,NYM,RP,31,38
austinriley,ATL,3B,29,27
jacobdegrom,TEX,SP,38,48
ellydelacruz,CIN,SS,24,44
sonnygray,BOS,SP,36,54
josealtuve,HOU,2B,36,27
zackwheeler,PHI,SP,36,45
aroldischapman,BOS,RP,38,44
georgespringer,TOR,DH,36,4
spencerschwellenbach,ATL,SP,26,56
mattolson,ATL,1B,32,28
jazzchisholmjr,NYY,2B,28,13
benrice,NYY,1B,27,22
davidbednar,NYY,RP,31,53
petecrowarmstrong,CHC,OF,24,4
raiseliglesias,ATL,RP,36,26
jesusluzardo,PHI,SP,28,44
stevenkwan,CLE,OF,28,38
wyattlangford,TEX,OF,24,36
seiyasuzuki,CHC,DH,31,27
geraldoperdomo,ARI,SS,26,2
nathaneovaldi,TEX,SP,36,17
petealonso,BAL,1B,31,25
trevormegill,MIL,RP,32,29
ryanpepiot,TBR,SP,28,44
nickkurtz,ATH,1B,23,16
brandonnimmo,TEX,OF,33,24
carlosestevez,KCR,RP,33,53
shealangeliers,ATH,C,28,23
kylebradish,BAL,SP,29,38
treaturner,PHI,SS,33,7
jameswood,WSN,OF,23,29
jeffhoffman,TOR,RP,33,23
spencerstrider,ATL,SP,27,99
randyarozarena,SEA,OF,31,56
brandonwoodruff,MIL,SP,33,53
ozziealbies,ATL,2B,29,1
willsmith1,LAD,C,31,16
bryceharper,PHI,1B,33,3
christianyelich,MIL,DH,34,22
luiscastillo,SEA,SP,33,58
petefairbanks,MIA,RP,32,29
drakebaldwin,ATL,C,25,30
tylerglasnow,LAD,SP,32,31
taylorward,BAL,OF,32,3
kenleyjansen,DET,RP,38,74
rafaeldevers,SFG,DH,29,16
rileygreene,DET,OF,25,31
freddiefreeman,LAD,1B,36,5
briceturang,MIL,2B,26,2
ryanhelsley,BAL,RP,31,21
ianhapp,CHC,OF,31,8
gleybertorres,DET,2B,29,25
romananthony,BOS,OF,22,19
bobichette,NYM,SS,28,19
pablolopez,MIN,SP,30,49
maikelgarcia,KCR,3B,26,11
emiliopagan,CIN,RP,35,15
mattchapman,SFG,3B,33,26
joshnaylor,SEA,1B,29,12
danielpalencia,CHC,RP,26,48
juricksonprofar,ATL,OF,33,17
vinniepasquantino,KCR,1B,28,9
adleyrutschman,BAL,C,28,35
salvadorperez,KCR,C,36,13
euryperez,MIA,SP,23,39
tannerbibee,CLE,SP,27,28
eugeniosuarez,CIN,3B,34,28
teoscarhernandez,LAD,OF,33,37
yainerdiaz,HOU,C,27,21
griffinjax,TBR,RP,31,22
marcussemien,NYM,2B,35,10
andypages,LAD,OF,25,44
robertsuarez,ATL,RP,35,75
isaacparedes,HOU,3B,27,15
shotaimanaga,CHC,SP,32,18
jacksonholliday,BAL,2B,22,7
gavinwilliams,CLE,SP,26,32
coreyseager,TEX,SS,32,5
bryanabreu,HOU,RP,29,52
abneruribe,MIL,RP,26,45
michaelking,SDP,SP,31,34
byronbuxton,MIN,OF,32,25
agustinramirez,MIA,C,24,50
ryanwalker,SFG,RP,30,74
jacobmisiorowski,MIL,SP,24,32
willyadames,SFG,SS,30,2
brysonstott,PHI,2B,28,5
jordanwestburg,BAL,3B,27,11
willvest,DET,RP,31,19
yandydiaz,TBR,DH,34,2
emmetsheehan,LAD,SP,26,80
bryanreynolds,PIT,OF,31,10
nicklodolo,CIN,SP,28,40
edwinuceta,TBR,RP,28,63
michaelharrisii,ATL,OF,25,23
zacgallen,FA,SP,30,23
christianwalker,HOU,1B,35,8
oneilcruz,PIT,OF,27,15
calebdurbin,MIL,3B,26,21
chaseburns,CIN,SP,23,26
brendandonovan,SEA,2B,29,33
camschlittler,NYY,SP,25,31
jeremypena,HOU,SS,28,3
rangersuarez,BOS,SP,30,55
joadell,LAA,OF,27,7
jackflaherty,DET,SP,30,9
huntergoodman,COL,C,26,15
shanebieber,TOR,SP,31,57
salfrelick,MIL,OF,26,10
granttaylor,CHW,RP,24,31
jacobwilson,ATH,SS,24,5
mackenziegore,TEX,SP,27,1
matthewboyd,CHC,SP,35,16
robbieray,SFG,SP,34,38
andrewabbott,CIN,SP,27,41
jeremiahestrada,SDP,RP,27,56
alecbohm,PHI,3B,29,28
cjabrams,WSN,SS,25,5
luisgarciajr,WSN,2B,26,2
lukekeaschall,MIN,2B,23,15
tannerscott,LAD,RP,31,66
dennissantana,PIT,RP,30,60
sandyalcantara,MIA,SP,30,22
nolanmclean,NYM,SP,24,26
mattbrash,SEA,RP,28,47
roycelewis,MIN,3B,27,23
aaronnola,PHI,SP,33,27
brandonlowe,PIT,2B,31,5
drewrasmussen,TBR,SP,30,57
chandlersimpson,TBR,OF,25,14
maxmuncy,LAD,3B,35,13
trevorrogers,BAL,SP,28,28
merrillkelly,ARI,SP,37,29
ceddannerafaela,BOS,OF,25,3
junghoolee,SFG,OF,27,51
garrettwhitlock,BOS,RP,30,22
shanebaz,BAL,SP,27,34
xavieredwards,MIA,2B,26,9
treyyesavage,TOR,SP,22,39
zachneto,LAA,SS,25,9
jordanleasure,CHW,RP,27,49
dansbyswanson,CHC,SS,32,7
jakobmarsee,MIA,OF,25,87
mattshaw,CHC,3B,24,6
lukeweaver,NYM,RP,32,30
andrewkittredge,BAL,RP,36,39
troymelton,DET,RP,25,52
krisbubic,KCR,SP,28,50
alejandrokirk,TOR,C,27,30
kerrycarpenter,DET,OF,28,30
kylefinnegan,DET,RP,34,67
noahcameron,KCR,SP,26,65
philmaton,CHC,RP,33,88
marcellozuna,FA,DH,35,20
mattstrahm,KCR,RP,34,25
cadehorton,CHC,SP,24,22
miguelvargas,CHW,3B,26,20
edwardcabrera,CHC,SP,28,30
camilodoval,NYY,RP,28,75
jorgepolanco,NYM,DH,32,11
daultonvarsho,TOR,OF,29,5
noelvimarte,CIN,OF,24,4
adrianmorejon,SDP,RP,27,50
bubbachandler,PIT,SP,23,57
stevenmatz,TBR,RP,35,41
daylenlile,WSN,OF,23,4
wilyerabreu,BOS,OF,27,52
heliotramos,SFG,OF,26,17
joseferrer,SEA,RP,26,45
connellyearly,BOS,SP,24,71
bradkeller,PHI,RP,30,40
josesoriano,LAA,SP,27,59
lawrencebutler,ATH,OF,25,4
jakecronenworth,SDP,2B,32,9
carlosrodon,NYY,SP,33,55
jojoromero,STL,RP,29,59
spencertorkelson,DET,1B,26,20
garrettcleavinger,TBR,RP,32,60
nolanarenado,ARI,3B,35,28
trevorstory,BOS,SS,33,10
kylestowers,MIA,OF,28,28
tommyedman,LAD,2B,31,25
robertgarcia,TEX,RP,30,62
tjfriedl,CIN,OF,30,29
mitchkeller,PIT,SP,30,23
huntergaddis,CLE,RP,28,33
robertstephenson,LAA,RP,33,24
alexvesia,LAD,RP,30,51
baileyober,MIN,SP,30,17
luisrobertjr,NYM,OF,28,88
tonysantillan,CIN,RP,29,64
adolisgarcia,PHI,OF,33,53
calvinfaucher,MIA,RP,30,53
brycemiller,SEA,SP,27,50
rileyobrien,STL,RP,31,61
miketrout,LAA,DH,34,27
ernieclement,TOR,3B,30,22
bradysinger,CIN,SP,29,51
xanderbogaerts,SDP,SS,33,2
trentgrisham,NYY,OF,29,12
shawnarmstrong,CLE,RP,35,43
alecburleson,STL,OF,27,41
jassondominguez,NYY,OF,23,24
colesands,MIN,RP,28,44
kirbyyates,LAA,RP,39,39
yuseikikuchi,LAA,SP,35,16
coltkeith,DET,DH,24,33
cedricmullins,TBR,OF,31,31
aaronashby,MIL,RP,28,26
dylancrews,WSN,OF,24,3
kodaisenga,NYM,SP,33,34
yimigarcia,TOR,RP,35,93
anthonysantander,TOR,DH,31,25
seranthonydominguez,CHW,RP,31,58
ivanherrera,STL,DH,26,48
carloscorrea,HOU,SS,31,1
jacoblatz,TEX,RP,30,67
mattmclain,CIN,2B,26,9
rynenelson,ARI,SP,28,19
josealvarado,PHI,RP,31,46
brentondoyle,COL,OF,28,9
dylanlee,ATL,RP,31,52
gabrielmoreno,ARI,C,26,14
caseymize,DET,SP,29,12
kyleleahy,STL,RP,29,62
ottolopez,MIA,SS,27,6
jeffmcneil,ATH,2B,34,22
jackleiter,TEX,SP,26,35
tylerrogers,TOR,RP,35,71
michaelbusch,CHC,1B,28,29
tylerholton,DET,RP,30,87
andrewbenintendi,CHW,OF,31,23
gabespeier,SEA,RP,31,55
luisarraez,FA,1B,29,4
reeseolson,DET,SP,26,45
ramonlaureano,SDP,OF,31,5
chrisbassitt,FA,SP,37,40
justinsterner,ATH,RP,29,60
brayanbello,BOS,SP,27,66
ezequieltovar,COL,SS,24,14
markvientos,NYM,3B,26,27
mattsvanson,STL,RP,27,49
seanmanaea,NYM,SP,34,59
loganhenderson,MIL,SP,24,43
larsnootbaar,STL,OF,28,21
clayholmes,NYM,SP,33,35
jonathanindia,KCR,2B,29,6
victorvodnik,COL,RP,26,38
jesussanchez,HOU,OF,28,4
sethlugo,KCR,SP,36,67
nickcastellanos,PHI,OF,34,8
benbrown,CHC,SP,26,32
addisonbarger,TOR,3B,26,47
connornorby,MIA,3B,26,1
davidpeterson,NYM,SP,30,23
samuelbasallo,BAL,C,21,29
kevinginkel,ARI,RP,32,37
tylersoderstrom,ATH,OF,24,21
louisvarland,TOR,RP,28,77
michaelwacha,KCR,SP,34,52
lucaserceg,KCR,RP,31,60
jackperkins,ATH,RP,26,50
mickeymoniak,COL,OF,28,22
benjoyce,LAA,RP,25,44
nolanschanuel,LAA,1B,24,18
shelbymiller,FA,RP,35,55
jpcrawford,SEA,SS,31,3
willicastro,COL,OF,29,1
fernandocruz,NYY,RP,36,63
kyleteel,CHW,C,24,8
andrewsaalfrank,ARI,RP,28,27
shanesmith,CHW,SP,26,64
rokisasaki,LAD,SP,24,11
claytonbeeter,WSN,RP,27,39
hoganharris,ATH,RP,29,36
mattwallner,MIN,OF,28,38
sethhalvorsen,COL,RP,26,54
jasonadam,SDP,RP,34,40
masynwinn,STL,SS,24,0
ryanohearn,PIT,1B,32,29
coltoncowser,BAL,OF,26,17
eriksabrowski,CLE,RP,28,62
giancarlostanton,NYY,DH,36,27
gregorysoto,PIT,RP,31,31
jamesontaillon,CHC,SP,34,50
austinwells,NYY,C,26,28
colsonmontgomery,CHW,SS,24,12
orionkerkering,PHI,RP,25,50
josebutto,SFG,RP,28,70
joshlowe,LAA,OF,28,3
braxtonashcraft,PIT,RP,26,67
keeganakin,BAL,RP,31,45
calebthielbar,CHC,RP,39,24
zachmckinstry,DET,3B,31,39
quinnpriester,MIL,SP,25,46
chasemeidroth,CHW,SS,24,10
jackdreyer,LAD,RP,27,86
andresgimenez,TOR,2B,27,0
justintopa,MIN,RP,35,48
spencersteer,CIN,1B,28,7
gavinsheets,SDP,OF,30,30
joeycantillo,CLE,RP,26,54
markleiterjr,ATH,RP,35,38
jaccaglianone,KCR,OF,23,14
josecaballero,NYY,OF,29,72
isaacmattson,PIT,RP,30,72
ericlauer,TOR,SP,31,56
jeffreysprings,ATH,SP,33,59
jaredkoenig,MIL,RP,32,47
brandonpfaadt,ARI,SP,27,32
tylerfreeman,COL,OF,27,2
lenynsosa,CHW,2B,26,50
caseyschmitt,SFG,2B,27,10
tylerkinley,ATL,RP,35,45
jtrealmuto,PHI,C,35,10
brettbaty,NYM,3B,26,7
ianseymour,TBR,RP,27,61
kylemanzardo,CLE,DH,25,9
jorgesoler,LAA,OF,34,12
brookslee,MIN,SS,25,22
lucasgiolito,FA,SP,31,54
zacklittell,FA,SP,30,52
bryanking,HOU,RP,29,74
trevorlarnach,MIN,DH,29,9
brandonmarsh,PHI,OF,28,16
jonahtong,NYM,SP,23,21
luisrengifo,FA,3B,29,2
harrisonbader,SFG,OF,32,9
willsoncontreras,BOS,1B,34,40
bryanbaker,TBR,RP,31,47
ajblubaugh,HOU,RP,25,69
johnschreiber,KCR,RP,32,46
elvisalvarado,ATH,RP,27,61
mikeyastrzemski,ATL,OF,35,18
joshjung,TEX,3B,28,6
jonathanaranda,TBR,1B,28,8
jimmyherget,COL,RP,32,44
willwarren,NYY,SP,27,98
ryanjeffers,MIN,C,29,27
anthonybender,MIA,RP,31,37
evancarter,TEX,OF,23,32
ryanmcmahon,NYY,3B,31,19
brooksraley,NYM,RP,38,25
dylanbeavers,BAL,OF,24,12
hunterharvey,CHC,RP,31,45
justinsteele,CHC,SP,30,35
marcelomayer,BOS,3B,23,11
parkermessick,CLE,SP,25,77
ajminter,NYM,RP,32,33
drewpomeranz,LAA,RP,37,13
austinhays,CHW,OF,30,12
jordanromano,LAA,RP,33,68
eduardbazardo,SEA,RP,30,83
carmenmlodzinski,PIT,RP,27,50
mikeburrows,HOU,SP,26,50
brendonlittle,TOR,RP,29,54
deankremer,BAL,SP,30,64
spencerhorwitz,PIT,1B,28,2
joeyortiz,MIL,SS,27,3
franciscoalvarez,NYM,C,24,4
chrismartin,TEX,RP,40,55
simeonwoodsrichardson,MIN,SP,25,24
stevenokert,HOU,RP,34,48
tyleroneill,BAL,OF,31,9
mattfesta,CLE,RP,33,52
parkermeadows,DET,OF,26,22
braydonfisher,TOR,RP,25,63
carsonkelly,CHC,C,31,15
miguelandujar,FA,3B,31,38
chadpatrick,MIL,SP,27,39
joseberrios,TOR,SP,32,17
connorphillips,CIN,RP,25,34
zacheflin,BAL,SP,32,24
ryanthompson,ARI,RP,34,81
wenceelperez,DET,OF,26,46
ryanweathers,NYY,SP,26,40
justinslaten,BOS,RP,28,63
kebryanhayes,CIN,3B,29,3
blaketreinen,LAD,RP,38,49
jordanbeck,COL,OF,25,27
kodyfunderburk,MIN,RP,29,57
andrewvaughn,MIL,1B,28,28
alexisdiaz,TEX,RP,29,48
dustinmay,STL,SP,28,3
gregweissert,BOS,RP,31,57
isaaccollins,KCR,OF,28,1
paytontolle,BOS,SP,23,70
piercejohnson,CIN,RP,35,52
erikmiller,SFG,RP,28,68
seannewcomb,CHW,RP,33,15
justinwrobleski,LAD,RP,25,70
masonmontgomery,PIT,RP,26,46
ryanzeferjahn,LAA,RP,28,56
haseongkim,ATL,SS,30,7
jordanlawlar,ARI,3B,23,10
dominiccanzone,SEA,OF,28,8
porterhodge,CHC,RP,25,37
tylermahle,SFG,SP,31,54
luisgil,NYY,SP,28,81
nolangorman,STL,3B,26,16
yarielrodriguez,TOR,RP,29,29
jakemeyers,HOU,OF,30,6
grahamashcraft,CIN,RP,28,23
davidrobertson,FA,RP,41,30
michaelmcgreevy,STL,SP,25,36
tylerstephenson,CIN,C,29,37
camsmith,HOU,OF,23,11
bradyhouse,WSN,3B,23,12
coleyoung,SEA,2B,22,2
yenniercano,BAL,RP,32,78
kylekarros,COL,3B,23,12
luisseverino,ATH,SP,32,40
christianmoore,LAA,2B,23,4
masatakayoshida,BOS,DH,32,7
anthonyvolpe,NYY,SS,25,11
jacoblopez,ATH,SP,28,57
ryanyarbrough,NYY,RP,34,33
victorscottii,STL,OF,25,11
keibertruiz,WSN,C,27,20
colinrea,CHC,SP,35,53
maxmuncy1,ATH,3B,23,10
zebbymatthews,MIN,SP,26,52
reiddetmers,LAA,RP,26,48
hobymilner,CHC,RP,35,41
bennettsousa,HOU,RP,31,62
tommynance,TOR,RP,35,45
amedrosario,NYY,3B,30,14
victorrobles,SEA,OF,29,10
reynaldolopez,ATL,SP,32,40
pjpoulin,WSN,RP,29,50
tyleralexander,TEX,RP,31,13
haydenbirdsong,SFG,RP,24,60
jakemangum,PIT,OF,30,28
nickmears,KCR,RP,29,31
nickmartinez,FA,SP,35,28
nickgonzales,PIT,2B,27,3
bencasparius,LAD,RP,27,78
edgarquero,CHW,C,23,7
angelzerpa,MIL,RP,26,61
michaelkopech,FA,RP,30,45
lourdesgurrieljr,ARI,OF,32,12
kristiancampbell,BOS,2B,24,28
justinlawrence,PIT,RP,31,61
carterjensen,KCR,C,22,22
tobiasmyers,NYM,RP,27,32
salstewart,CIN,1B,22,27
mauriciodubon,ATL,OF,31,14
jakeburger,TEX,1B,30,21
edgardohenriquez,LAD,RP,24,60
calebferguson,CIN,RP,29,46
dannycoulombe,FA,RP,36,54
nathanlukes,TOR,OF,31,38
timherrin,CLE,RP,29,29
colehenry,WSN,RP,26,99
branthurter,DET,RP,27,48
maxkepler,FA,OF,33,17
tajbradley,MIN,SP,25,26
loganohoppe,LAA,C,26,14
aaronbummer,ATL,RP,32,49
yoendrysgomez,TBR,RP,26,94
jakobjunis,TEX,RP,33,16
johanoviedo,BOS,SP,28,29
joshbell,MIN,DH,33,56
juanmejia,COL,RP,25,47
yoanmoncada,LAA,3B,31,10
tommykahnle,FA,RP,36,43
tristoncasas,BOS,1B,26,36
tannerbanks,PHI,RP,34,58
michaelsoroka,ARI,SP,28,34
bonaylor,CLE,C,26,23
justinwilson,FA,RP,38,32
jordanwalker,STL,OF,24,18
huascarbrazoban,NYM,RP,36,43
joelpeguero,SFG,RP,29,63
michaelkelly,ATH,RP,33,49
lanethomas,KCR,OF,30,15
davidmorgan,SDP,RP,26,66
tylerwells,BAL,SP,31,68
mikevasil,CHW,RP,26,61
kadestrowd,ARI,RP,28,57
dlhall,MIL,RP,27,37
cadecavalli,WSN,SP,27,24
brayanrocchio,CLE,SS,25,4
gavinlux,TBR,DH,28,11
cristianjavier,HOU,SP,29,53
paulsewald,FA,RP,36,62
michaelmassey,KCR,2B,28,19
brockburke,CIN,RP,29,49
luismatos,SFG,OF,24,29
brandoneisert,CHW,RP,28,53
landenroupp,SFG,SP,27,65
colewinn,TEX,RP,26,60
ianhamilton,ATL,RP,31,71
colinselby,BAL,RP,28,60
scottbarlow,FA,RP,33,58
anthonybanda,LAD,RP,32,43
sladececconi,CLE,SP,27,44
masonenglert,TBR,RP,26,59
ryanfernandez,STL,RP,28,64
cadegibson,MIA,RP,28,58
austinmartin,MIN,OF,27,16
maxmeyer,MIA,SP,27,23
joelpayamps,ATL,RP,32,53
evansisk,PIT,RP,29,48
grahampauley,MIA,3B,25,21
colesulser,TBR,RP,36,71
grantanderson,MIL,RP,29,56
jjbleday,CIN,OF,28,22
dillondingler,DET,C,27,13
taylorrogers,MIN,RP,35,55
blazealexander,BAL,3B,27,9
mattgage,SFG,RP,33,93
seanmurphy,ATL,C,31,12
davisschneider,TOR,OF,27,36
chasesilseth,LAA,RP,26,63
tylerphillips,MIA,RP,28,30
matthewliberatore,STL,SP,26,32
alekthomas,ARI,OF,26,5
wandyperalta,SDP,RP,34,58
ronnymauricio,NYM,3B,25,0
spencerbivens,SFG,RP,32,76
jacobwebb,CHC,RP,32,71
carlosnarvaez,BOS,C,27,75
jakebird,NYY,RP,30,59
cadepovich,BAL,SP,26,37
wikelmangonzalez,CHW,RP,24,66
ryanbrasier,FA,RP,38,54
hunterbigge,TBR,RP,28,43
corbinburnes,ARI,SP,31,39
heribertohernandez,MIA,OF,26,13
daniellynchiv,KCR,RP,29,41
dreyjameson,ARI,RP,28,99
brentsuter,LAA,RP,36,31
tylerferguson,ATH,RP,32,44
javiersanoja,MIA,OF,23,8
sawyergipsonlong,DET,SP,28,66
alexlange,KCR,RP,30,56
dannyjansen,TEX,C,31,33
andrewchafin,FA,RP,36,39
luisgarcia,NYM,RP,39,66
victorcaratini,MIN,C,32,37
dietrichenns,BAL,RP,35,71
grantholmes,ATL,SP,30,66
kylehart,SDP,RP,33,68
ottokemp,PHI,3B,26,4
joeywentz,ATL,RP,28,33
kodyclemens,MIN,1B,30,2
hurstonwaldrep,ATL,SP,24,64
brooksbaldwin,CHW,OF,25,27
luiscurvelo,TEX,RP,25,57
yukimatsui,SDP,RP,30,1
carlosvargas,SEA,RP,26,54
justinverlander,FA,SP,43,35
freddyfermin,SDP,C,31,54
enyeldelossantos,HOU,RP,30,65
ericorze,MIN,RP,28,19
owencaissie,MIA,OF,23,17
adaelamador,COL,2B,23,1
jordanwicks,CHC,RP,26,36
daurimoreta,FA,RP,30,36
jadenhill,COL,RP,26,0
juanmorillo,ARI,RP,27,67
seanburke,CHW,SP,26,59
bryceeldridge,SFG,DH,21,8
jakemccarthy,COL,OF,28,31
timhill,NYY,RP,36,41
rynestanek,STL,RP,34,55
robertgasser,MIL,SP,27,54
ricogarcia,BAL,RP,32,50
spencerarrighetti,HOU,SP,26,41
denzelclarke,ATH,OF,26,1
piersonohl,COL,RP,26,62
luismorales,ATH,SP,23,58
lakebachar,MIA,RP,31,84
joshsmith,TEX,SS,28,8
paulblackburn,NYY,RP,32,58
kalebort,LAA,RP,34,63
jaredtriolo,PIT,SS,28,19
joseleclerc,FA,RP,32,37
patrickbailey,SFG,C,27,14
konnorpilkington,WSN,RP,28,45
davidfesta,MIN,SP,26,58
christophermorel,MIA,OF,27,5
jeremiahjackson,BAL,OF,26,82
jalenbeeks,FA,RP,32,68
osvaldobido,NYY,RP,30,56
liamhicks,MIA,C,27,34
jonathanbowlan,PHI,RP,29,52
kyleharrison,BOS,SP,24,38
tylergilbert,CHW,RP,32,40
jpsears,SDP,SP,30,38
jacobmelton,TBR,OF,25,29
stevencruz,KCR,RP,27,64
nathaniellowe,FA,1B,30,37
alexfreeland,LAD,3B,24,76
jacksonrutledge,WSN,RP,27,44
hyeseongkim,LAD,2B,27,6
jhostynxongarcia,PIT,OF,23,34
maxlazar,PHI,RP,27,60
carsonwilliams,TBR,SS,23,7
masonfluharty,TOR,RP,24,68
jocpederson,TEX,DH,34,4
maxscherzer,FA,SP,41,31
zachcole,HOU,OF,25,16
josesuarez,ATL,SP,28,54
chadgreen,TOR,RP,35,57
oswaldperaza,LAA,3B,26,10
coopercriswell,SEA,SP,29,18
evanphillips,FA,RP,31,59
michaelconforto,FA,OF,33,23
jtginn,ATH,SP,27,35
adrianhouser,SFG,SP,33,12
brenanhanifee,DET,RP,28,75
richiepalacios,TBR,OF,29,1
zackkelly,BOS,RP,31,76
julianfernandez,WSN,RP,30,65
zacharymaxwell,CIN,RP,25,78
jonahheim,FA,C,31,28
kevinkelly,TBR,RP,28,49
rhyshoskins,FA,1B,33,12
taylorclarke,ARI,RP,33,45
tommypham,FA,OF,38,28
mickabel,MIN,SP,24,20
luinderavila,KCR,RP,24,58
angelmartinez,CLE,OF,24,1
ramonurias,FA,3B,32,29
lukejackson,FA,RP,34,77
caseylegumina,SEA,RP,29,64
eduardorodriguez,ARI,SP,33,57
kylenicolas,PIT,RP,27,66
ryanpressly,FA,RP,37,55
zackgelof,ATH,2B,26,20
natepearson,HOU,RP,29,55
carsonwhisenhunt,SFG,SP,25,88
griffinconine,MIA,OF,28,18
gregorysantos,SFG,RP,26,48
bradybasso,ATH,RP,28,66
josecastillo,FA,RP,30,66
rafaelmontero,FA,RP,35,99
nicksandlin,LAA,RP,29,52
ryanborucki,CHW,RP,32,43
dominichamel,NYY,RP,27,53
oswaldocabrera,NYY,3B,27,95
hunterbarco,PIT,SP,25,45
josefermin1,LAA,RP,24,68
yohanramirez,PIT,RP,31,49
chrismurphy,CHW,RP,28,72
miguelamaya,CHC,C,27,9
bradgleyrodriguez,SDP,RP,22,72
kyleisbel,KCR,OF,29,28
bryanhudson,CHW,RP,29,60
brandonsproat,MIL,SP,25,23
zacveen,COL,OF,24,13
jacobyoung,WSN,OF,26,30
brentheadrick,NYY,RP,28,47
beaubrieske,DET,RP,28,4
thairoestrada,FA,2B,30,39
benwilliamson,TBR,3B,25,9
trevormcdonald,SFG,SP,25,72
stevenwilson,TBR,RP,31,24
brennanbernardino,COL,RP,34,83
keatonwinn,SFG,RP,28,67
jordanhicks,CHW,RP,29,46
michelotanez,TEX,RP,28,47
tristanbeck,SFG,RP,30,43
paulgoldschmidt,FA,1B,38,48
danielschneemann,CLE,2B,29,10
daltonrushing,LAD,C,25,68
kumarrocker,TEX,SP,26,80
felixbautista,BAL,RP,31,74
roberthasselliii,WSN,OF,24,6
pavinsmith,ARI,DH,30,26
daysbelhernandez,ATL,RP,29,62
joeboyle,TBR,SP,26,36
jtbrubaker,SFG,RP,32,34
mattvierling,DET,OF,29,8
garrettmitchell,MIL,OF,27,5
trentthornton,FA,RP,32,46
moisesballesteros,CHC,DH,22,25
thomassaggese,STL,2B,24,25
edmundososa,PHI,2B,30,33
travisadams,MIN,RP,26,45
codiheuer,CLE,RP,29,50
georgevalera,CLE,DH,25,7
pauldejong,NYY,3B,32,18
adamfrazier,FA,2B,34,26
shawndubin,ARI,RP,30,65
colinholderman,CLE,RP,30,35
sammoll,CIN,RP,34,50
gordongraceffo,STL,RP,26,44
javierbaez,DET,SS,33,28
yerrydelossantos,NYY,RP,28,73
aaroncivale,FA,SP,31,38
chaseshugart,PHI,RP,29,55
codylaweryson,FA,RP,28,66
jorgealcala,TOR,RP,30,56
dylandodd,ATL,RP,28,46
dylanmoore,PHI,2B,33,25
kylebackhus,PHI,RP,28,43
zachagnos,COL,RP,25,36
johnrooney,TBR,RP,29,67
connorbrogdon,CLE,RP,31,75
davidfry,CLE,DH,30,6
harryford,WSN,C,23,17
andrewalvarez,WSN,SP,27,54
ryanmountcastle,BAL,1B,29,6
valentebellozo,COL,RP,26,83
luismey,CIN,RP,25,47
jakefraley,TBR,OF,31,17
ronmarinaccio,SDP,RP,30,97
richardfitts,STL,SP,26,35
timmayza,PHI,RP,34,54
lukelittle,CHC,RP,25,43
jonathanloaisiga,ARI,RP,31,43
joshsimpson,MIA,RP,28,66
drewgilbert,SFG,OF,25,1
maximoacosta,MIA,3B,23,24
ryangusto,MIA,SP,27,65
brockstewart,LAD,RP,34,41
richardlovelady,WSN,RP,30,74
loganallen1,CLE,SP,27,26
chrisroycroft,STL,RP,29,58
yaramilhiraldo,BAL,RP,30,76
pedropages,STL,C,27,43
jonathanpintaro,NYM,SP,28,91
joshwinckowski,FA,RP,28,25
davismartin,CHW,SP,29,65
romygonzalez,BOS,1B,29,23
jovanimoran,BOS,RP,29,47
loutrivino,FA,RP,34,57
nickyorke,PIT,2B,24,38
kaiweiteng,HOU,SP,27,66
craigkimbrel,NYM,RP,38,46
reiversanmartin,SFG,RP,30,48
philipabner,ARI,RP,24,50
nachoalvarezjr,ATL,3B,23,24
sethjohnson,PHI,RP,27,51
kylehigashioka,TEX,C,36,11
haydenharris,ATL,RP,27,79
lazaroestrada,TOR,SP,27,60
bricematthews,HOU,2B,24,28
elimorgan,FA,RP,30,33
justinmartinez,ARI,RP,24,63
ryanbergert,KCR,SP,26,38
ethanroberts,CHC,RP,28,39
michaeltonkin,FA,RP,36,39
ajpuk,ARI,RP,31,33
colbythomas,ATH,OF,25,32
albertsuarez,BAL,RP,36,49
randydobnak,SEA,SP,31,68
dylansmith,DET,RP,26,58
jorgelopez,FA,RP,33,21
bobbymiller,LAD,RP,27,28
robzastryzny,MIL,RP,34,58
lucassims,FA,RP,32,39
bradlord,WSN,RP,26,41
jonnydeluca,TBR,OF,27,21
brianvanbelle,TBR,SP,29,67
craigyoho,MIL,RP,26,48
joeybart,PIT,C,29,14
cambooser,TBR,RP,34,71
alexcall,LAD,OF,31,12
jaydenmurray,HOU,RP,29,70
brysewilson,PHI,RP,28,46
tyronetaylor,NYM,OF,32,15
nickraquet,STL,RP,30,70
genesiscabrera,PHI,RP,29,92
brandyngarcia,ARI,RP,26,55
esteuryruiz,MIA,OF,27,3
johnking,FA,RP,31,47
josequintana,FA,SP,37,62
austinwarren,NYM,RP,30,44
bryanhoeing,SDP,RP,29,78
miketauchman,FA,OF,35,18
cobymayo,BAL,1B,24,16
juanburgos,ARI,RP,26,52
carsonragsdale,FA,SP,28,83
andrewwalters,CLE,RP,25,91
johncurtiss,ARI,RP,33,46
andregranillo,STL,RP,26,65
miguelcastro,FA,RP,31,60
grantholman,ATH,RP,26,67
danemyers,CIN,OF,30,17
mikeclevinger,PIT,RP,35,52
willbenson,CIN,OF,28,30
taylorwalls,TBR,SS,29,6
jacksonkowar,MIN,RP,29,37
willwagner,SDP,3B,27,7
carsonfulmer,FA,RP,32,49
andrewhoffmann,ARI,RP,26,56
ryanburr,FA,RP,32,43
nickfortes,TBR,C,29,40
patrickmonteverde,MIA,SP,28,44
samlong,FA,RP,30,73
justinhagenman,NYM,RP,29,51
calebboushley,FA,RP,32,70
yosverzulueta,SEA,RP,28,61
saurynlao,FA,RP,26,73
zachpop,PHI,RP,29,56
baileyhorn,DET,RP,28,57
chaycemcdermott,BAL,RP,27,59
roansycontreras,COL,RP,26,59
rodderymunoz,HOU,RP,26,46
bowdenfrancis,TOR,SP,30,44
griffincanning,FA,SP,30,46
elvispeguero,FA,RP,29,47
nasimnunez,WSN,SS,25,26
nolanhoffman,PHI,RP,28,47
hunterstrickland,FA,RP,37,60
miguelrojas,LAD,2B,37,72
alejandroosuna,TEX,OF,23,19
colinpoche,FA,RP,32,83
sambachman,LAA,RP,26,40
michaellorenzen,COL,SP,34,24
joeross,FA,RP,33,41
tyadcock,SDP,RP,29,52
michaelpetersen,MIA,RP,32,49
joeylucchesi,FA,RP,33,57
willklein,LAD,RP,26,61
jansonjunk,MIA,SP,30,26
alanroden,MIN,OF,26,18
alekjacob,SDP,RP,28,37
zakkent,TEX,RP,28,61
ryanjohnson,LAA,RP,23,32
chaselee,TOR,RP,27,53
eduarnielnunez,ATH,RP,27,54
tyfrance,FA,1B,31,2
javierassad,CHC,SP,28,72
carsonseymour,SFG,RP,27,77
scottalexander,FA,RP,36,54
jayviensandridge,LAA,RP,27,88
mitchspence,ATH,RP,28,28
justinbruihl,STL,RP,29,47
tomoyukisugano,FA,SP,36,19
kolbyallard,CLE,RP,28,49
jacejung,DET,3B,25,17
alejandrocarrillo,NYM,RP,29,84
henrydavis,PIT,C,26,32
lancemccullersjr,HOU,SP,32,43
joeygerber,NYM,RP,29,55
kevinherget,FA,RP,35,57
hunterdobbins,STL,SP,26,40
taylersaucedo,LAA,RP,33,60
orlandoribalta,WSN,RP,28,64
paulgervase,LAD,RP,26,65
luisangelacuna,CHW,2B,24,0
clarkeschmidt,NYY,SP,30,36
thomashatch,ARI,RP,31,43
yanquielfernandez,NYY,DH,23,88
grantwolfram,BAL,RP,29,86
liamhendriks,FA,RP,37,31
robrefsnyder,SEA,OF,35,30
andyibanez,ATH,3B,33,77
joseespada,BAL,RP,29,72
ryanbliss,SEA,2B,26,1
danielrobert,PHI,RP,31,48
hunterstratton,ATL,RP,29,65
alanrangel,PHI,SP,28,56
iangibaut,FA,RP,32,79
eastonmcgee,MIL,RP,28,50
kendallgraveman,FA,RP,35,49
rowdytellez,FA,1B,31,44
chrispaddack,FA,SP,30,40
joshrojas,KCR,3B,32,40
luisperalta,COL,RP,25,41
tjmcfarland,FA,RP,37,48
jakeirvin,WSN,SP,29,27
gavinhollowell,CHC,RP,28,46
eversonpereira,CHW,OF,25,28
chrisflexen,CHC,RP,31,77
collinsnider,FA,RP,30,52
colewilcox,SEA,RP,26,43
seanguenther,FA,RP,30,73
manuelrodriguez,TBR,RP,29,39
santiagoespinal,CIN,3B,31,4
drewsommers,DET,RP,25,51
luisgarcia2,FA,SP,29,77
yilberdiaz,ARI,RP,25,45
davidhamilton,BOS,2B,28,17
dillontate,FA,RP,32,9
paxtonschultz,WSN,RP,28,75
hunterfeduccia,TBR,C,29,30
kevinalcantara,CHC,OF,23,13
danaltavilla,FA,RP,33,58
rolddymunoz,ATL,RP,26,70
andrepallante,STL,SP,27,53
gabrielarias,CLE,SS,26,13
carloshernandez,CLE,RP,29,40
jonberti,FA,3B,36,5
joseiglesias,FA,2B,36,7
garrettacton,MIA,RP,28,52
dannyyoung,ATL,RP,32,81
blakeperkins,MIL,OF,29,16
nickburdi,FA,RP,33,68
giourshela,FA,3B,34,13
johnbrebbia,COL,RP,36,60
josecorniell,TEX,SP,23,59
codyfreeman,TEX,2B,25,39
troytaylor,SEA,RP,24,59
martinperez,ATL,SP,35,54
georgesoriano,WSN,RP,27,62
jakeeder,WSN,RP,27,46
coltongordon,HOU,SP,27,61
jeimercandelario,FA,3B,32,3
bryceelder,ATL,SP,27,55
angelchivilli,NYY,RP,23,57
sammyperalta,MIL,RP,28,57
benbowden,ATH,RP,31,62
taylorrashi,ARI,RP,30,54
josetena,WSN,3B,25,8
dugandarnell,FA,RP,29,52
leorivas,SEA,2B,28,76
maxschuemann,ATH,2B,29,12
leodytaveras,BAL,OF,27,40
andrylara,WSN,RP,23,72
joerock,TBR,RP,25,68
masonthompson,FA,RP,28,71
nathanchurch,STL,OF,25,27
carlossantana,FA,1B,40,41
scottmcgough,FA,RP,36,48
jacklittle,FA,RP,28,81
scottblewett,STL,RP,30,66
rafaelmarchan,PHI,C,27,13
stephenkolek,KCR,SP,29,32
randalgrichuk,FA,OF,34,15
isiahkinerfalefa,FA,SS,31,7
landonknack,LAD,SP,28,96
connorwong,BOS,C,30,12
danedunning,SEA,RP,31,34
tannerrainey,FA,RP,33,32
brandonwaddell,NYM,RP,32,82
joshwalker,BAL,RP,31,61
tylerfitzgerald,SFG,2B,28,49
kylefarmer,FA,2B,35,6
anthonymisiewicz,CIN,RP,31,71
nickloftin,KCR,OF,27,12
tyleranderson,LAA,SP,36,31
josetrevino,CIN,C,33,35
nickanderson,ATH,RP,35,64
ryanloutos,SEA,RP,27,52
camsanders,PIT,RP,29,64
joelasorsa,PIT,RP,28,54
brettharris,ATH,3B,28,11
anthonymaldonado,HOU,RP,28,63
mattkrook,ATH,RP,31,65
austingomber,TEX,SP,32,26
seanreynolds,FA,RP,28,25
christianencarnacionstrand,CIN,1B,26,33
scotteffross,FA,RP,32,57
shinnosukeogasawara,WSN,RP,28,16
michaeldarrellhicks,PIT,RP,28,68
nolanjones,CLE,OF,28,22
eduardosalazar,FA,RP,28,62
christianmontesdeoca,ARI,RP,26,59
maxkranick,FA,RP,28,32
jacksuwinski,PIT,OF,27,65
kylenelson,FA,RP,29,24
freddytarnok,FA,RP,27,56
nateeaton,BOS,OF,29,18
austincox,FA,RP,29,68
jimmycrooks,STL,C,24,8
bladetidwell,SFG,SP,25,40
lyonrichardson,CIN,RP,26,72
jakewoodford,TBR,RP,29,41
zachbrzykcy,MIA,RP,26,62
marcchurch,TEX,RP,25,30
carloscortes,ATH,OF,29,26
isaiahcampbell,ARI,RP,28,49
bryanramos,BAL,3B,24,67
lucasgilbreath,COL,RP,30,78
tylerzuber,MIA,RP,31,55
christianroa,HOU,RP,27,73
omarcruz,SDP,RP,27,60
milesmikolas,FA,SP,37,39
elvinrodriguez,FA,RP,28,83
austinpope,ATL,RP,27,66
dylancarlson,FA,OF,27,15
ryanrolison,CHC,RP,28,50
anthonyveneziano,TEX,RP,28,67
ildemarovargas,ARI,2B,34,6
mitchgarver,FA,C,35,18
cjkayfus,CLE,OF,24,2
connorthomas,FA,RP,28,57
josefermin,STL,2B,27,15
jaredshuster,STL,RP,27,78
brycejarvis,ARI,RP,28,40
alexverdugo,FA,OF,30,8
anthonyseigler,MIL,3B,27,18
loganvanwey,HOU,RP,27,64
luistorrens,NYM,C,30,13
michaelmercado,PHI,RP,27,63
ronnyhenriquez,MIA,RP,26,32
tonygonsolin,LAD,SP,32,26
christiankoss,SFG,2B,28,50
anthonymolina,ATL,RP,24,43
seanhjelle,FA,RP,29,64
braxtonfulford,COL,C,27,37
walkerbuehler,FA,SP,31,31
ryanritter,COL,SS,25,8
jerarencarnacion,SFG,OF,28,19
andrewmccutchen,FA,DH,39,22
adamottavino,FA,RP,40,58
jesustinoco,MIA,RP,31,38
trevorrichards,PHI,RP,33,38
kevinnewman,KCR,3B,32,27
erikswanson,FA,RP,32,50
hectorneris,KCR,RP,37,51
cadendana,LAA,SP,22,36
joemantiply,FA,RP,35,35
cionelperez,FA,RP,30,58
taylerscott,ATL,RP,34,50
troyjohnston,COL,OF,29,20
brandonyoung,BAL,SP,27,63
djlemahieu,FA,2B,37,26
jamesoutman,MIN,OF,29,43
christianvazquez,FA,C,35,8
patrickcorbin,FA,SP,36,46
dednielnunez,NYM,RP,30,72
kylefreeland,COL,SP,33,21
julianmerryweather,FA,RP,34,66
leojimenez,TOR,2B,25,49
jakebauers,MIL,1B,30,9
chasmccormick,FA,OF,31,20
jessechavez,FA,RP,42,60
adriandelcastillo,ARI,DH,26,25
randyvasquez,SDP,SP,27,98
travisdarnaud,LAA,C,37,25
ryanfitzgerald,LAD,2B,32,53
vidalbrujan,NYM,3B,28,2
haydenwesneski,HOU,SP,28,39
johnrave,KCR,OF,28,16
milesmastrobuoni,SEA,3B,30,21
jamesmccann,ARI,C,36,8
joseurquidy,FA,SP,31,65
chrisstratton,FA,RP,35,41
bryceteodosio,LAA,OF,27,22
nickylopez,COL,3B,31,12
joseruiz,FA,RP,31,63
garysanchez,FA,C,33,99
tylertolbert,KCR,OF,28,2
yohelpozo,STL,C,29,63
jahmaijones,DET,OF,28,18
jasonalexander,HOU,SP,33,54
jcescarra,NYY,C,31,25
darrenmccaughan,CIN,RP,30,79
anthonydesclafani,FA,RP,36,21
lukeraley,SEA,OF,31,20
zachdezenzo,HOU,OF,26,9
ezequielduran,TEX,SS,27,20
brendanrodgers,FA,2B,29,1
mylesstraw,TOR,OF,31,3
samhaggerty,TEX,OF,32,0
markcanha,FA,OF,37,21
tirsoornelas,SDP,OF,26,21
eliasdiaz,FA,C,35,17
justinfoscue,TEX,2B,27,56
carlosrodriguez,MIL,SP,24,27
starlingmarte,FA,DH,37,6
koreylee,CHW,C,27,26
darellhernaiz,ATH,SS,24,2
tannergordon,COL,SP,28,29
jonatanclase,TOR,OF,24,8
wilmerflores,FA,DH,34,41
cesarprieto,STL,3B,27,31
jakerogers,DET,C,31,34
hestonkjerstad,BAL,OF,27,13
johnathanrodriguez,CLE,OF,26,30
kyrenparis,LAA,OF,24,19
tylerheineman,TOR,C,35,55
jorbitvivas,NYY,2B,25,90
charliemorton,FA,SP,42,50
joeyestes,ATH,SP,24,68
jacksonjobe,DET,SP,23,21
jonahbride,TEX,3B,30,31
tylercallihan,CIN,2B,26,32
timtawa,ARI,OF,27,13
christaylor,FA,OF,35,33
calquantrill,FA,SP,31,48
reesemcguire,MIL,C,31,33
austinslater,FA,OF,33,29
chasedollander,COL,SP,24,32
vimaelmachin,COL,3B,32,65
jhonathandiaz,SEA,SP,29,74
samadtaylor,SEA,2B,27,0
joeyloperfido,TOR,OF,27,10
jongray,FA,RP,34,22
austinwynns,ATH,C,35,29
josemiranda,SDP,3B,28,64
shaywhitcomb,HOU,2B,27,10
oliverdunn,CHW,3B,28,45
luiscampusano,SDP,DH,27,12
eliwhite,ATL,OF,32,36
michaelhelman,TEX,OF,30,24
luisurias,FA,2B,29,17
didierfuentes,ATL,SP,21,75
luisvazquez,BAL,3B,26,52
daironblanco,KCR,OF,33,44
ryanfeltner,COL,SP,29,18
camdevanney,FA,3B,29,34
blainecrim,COL,1B,29,16
derekhill,CHW,OF,30,47
tristangray,MIN,2B,30,10
alexjackson,MIN,C,30,64
ericwagaman,MIN,1B,28,13
erickfedde,FA,SP,33,59
loganevans,SEA,SP,25,23
manuelmargot,DET,OF,31,7
cesarsalazar,HOU,C,30,18
emersonhancock,SEA,SP,27,26
brettwisely,TBR,2B,27,0
vinnycapra,BOS,3B,29,41
johanrojas,PHI,OF,25,23
andruwmonasterio,MIL,SS,29,14
wademiley,FA,SP,39,22
jonathancannon,CHW,SP,25,48
rileyadams,WSN,C,30,15
josedeleon,FA,SP,33,78
brycejohnson,SDP,OF,30,29
mitchellparker,WSN,SP,26,70
masonblack,KCR,SP,26,47
gustavocampero,LAA,OF,28,51
matthewlugo,LAA,OF,25,15
mjmelendez,FA,OF,27,1
jpfrance,HOU,SP,31,68
krisbryant,COL,DH,34,23
andrewknizner,SEA,C,31,25
justynhenrymalloy,TBR,OF,26,55
mickeygasper,BOS,C,30,11
jorgebarrosa,ARI,OF,25,1
timanderson,FA,2B,33,77
keidermontero,DET,SP,25,54
jorgemateo,ATL,SS,31,2
connorseabold,TOR,RP,30,61
ryanvilade,TBR,OF,27,46
willbrennan,FA,OF,28,17
tannerhouck,BOS,SP,30,89
lukemaile,FA,C,35,17
ronnysimon,PIT,OF,26,63
jhonkensynoel,BAL,OF,24,43
nickallen,HOU,SS,27,20
cristianmena,ARI,SP,23,64
jarredkelenic,CHW,OF,26,24
emmanuelrivera,FA,3B,30,26
rhylanthomas,SEA,OF,26,31
ronelblanco,HOU,SP,32,56
joseurena,FA,RP,34,54
mccadebrown,COL,SP,25,51
dominicsmith,FA,1B,31,7
westonwilson,BAL,OF,31,37
marcusstroman,FA,SP,35,0
germanmarquez,FA,SP,31,48
victormesajr,TBR,OF,24,10
victormederos,LAA,SP,25,58
brandonlockridge,MIL,OF,29,20
mattwaldron,SDP,SP,29,61
scottkingery,FA,2B,32,13
nestorcortes,FA,SP,31,65
orlandoarcia,FA,SS,31,11
robertstock,BOS,SP,36,78
austinbarnes,NYM,C,36,15
akilbaddoo,MIL,OF,27,25
tristonmckenzie,SDP,RP,28,25
chasepetty,CIN,SP,23,61
tristanpeters,CHW,OF,26,25
enriquehernandez,FA,1B,34,8
eastonlucas,FA,SP,29,62
gunnarhoglund,ATH,SP,26,53
samaldegheri,LAA,SP,24,61
blascastano,SEA,SP,27,62
kameronmisner,KCR,OF,28,26
curtismead,CHW,1B,25,29
taylortrammell,HOU,OF,28,26
thomasharrington,PIT,SP,24,78
taijuanwalker,PHI,SP,33,99
jacobstallings,FA,C,36,25
jihwanbae,NYM,OF,26,3
austinhedges,CLE,C,33,27
baileyfalter,KCR,SP,29,36
drewmillas,WSN,C,28,14
dougnikhazy,CLE,SP,26,65
masonbarnett,ATH,SP,25,63
joeywiemer,WSN,OF,27,21
benlively,FA,SP,34,39
robinsonpina,FA,SP,27,33
blakedunn,CIN,OF,27,59
benrortvedt,LAD,C,28,38
carsonspiers,CIN,SP,28,68
spencerturnbull,FA,SP,33,12
mitchfarris,LAA,SP,25,70
jorgealfaro,KCR,C,33,35
jhonnypereda,SEA,C,30,5
treysweeney,DET,SS,26,27
chadwicktromp,ATL,C,31,41
josebarrero,BAL,OF,28,96
williemaciver,TEX,C,29,65
maverickhandley,BAL,C,28,98
sebastianrivero,LAA,C,27,38
warmingbernabel,FA,1B,24,25
buddykennedy,SFG,3B,27,46
denzerguzman,LAA,SS,22,13
haydensenger,NYM,C,29,30
ajsmithshawver,ATL,SP,23,32
tomasnido,FA,C,32,0
brettsullivan,COL,C,32,59
edouardjulien,COL,1B,27,47
garretthampson,CIN,OF,31,53
recehinds,CIN,OF,25,57
briannavarreto,MIA,C,31,64
willwilson,SEA,2B,27,7
domnunez,CLE,C,31,46
jessewinker,FA,DH,32,3
grantmccray,SFG,OF,25,58
sandyleon,ATL,C,37,8
gageworkman,CHW,3B,26,41
willbanfield,CIN,C,26,60
peteyhalpin,CLE,OF,24,0
joseherrera,TEX,C,29,11
ryankreidler,MIN,OF,28,6
tylerlocklear,ARI,1B,25,31
michaelsiani,LAD,OF,26,22
dashawnkeirseyjr,ATL,OF,29,21
carledwardsjr,FA,RP,34,58
andreschaparro,WSN,1B,27,87
stewardberroa,MIL,OF,27,35
zachthompson,FA,RP,32,73
jackwinkler,FA,2B,27,63
jddavis,FA,3B,33,22
trevorwilliams,WSN,SP,34,32
alexandercanario,FA,OF,26,29
connorkaiser,KCR,2B,29,30
josesiri,FA,OF,30,19
jackkochanowicz,LAA,SP,25,41
endyrodriguez,PIT,1B,26,5
stuartfairchild,CLE,OF,30,17
antoniosenzatela,COL,SP,31,49
tylerwade,TEX,OF,31,14
nabilcrismatt,FA,SP,31,61
jasonheyward,FA,OF,36,22
hunterrenfroe,FA,OF,34,16
adammazur,MIA,SP,25,60
carsonpalmquist,COL,SP,25,45
drewwaters,KCR,OF,27,8
masonmccoy,SDP,SS,31,18
dominicfletcher,PIT,OF,28,26
coreyjulks,FA,OF,30,32
jessescholtens,TBR,SP,32,65
donovanwalton,LAA,2B,32,18
travisjankowski,FA,OF,35,16
sethbrown,ATH,OF,33,15
justinturner,FA,1B,41,3
willrobertson,BAL,OF,28,54
oscargonzalez,FA,OF,28,39
danieljohnson,MIA,OF,30,36
tsungchecheng,BOS,SS,24,71
dustinharris,CHW,OF,26,37
lamontewadejr,CHW,1B,32,34
billymckinney,FA,OF,31,33
cocomontes,FA,OF,29,10
carsonmccusker,FA,OF,28,60
carloscarrasco,ATL,SP,39,59
bradleyblalock,MIA,SP,25,31
jaredyoung,NYM,DH,30,29
michaelstefanic,ATH,2B,30,17
connorjoe,FA,OF,33,17
owenmiller,FA,2B,29,11
owenwhite,FA,SP,26,67
joshuapalacios,FA,OF,30,47
eddierosario,FA,OF,34,9
fraserellard,CHW,RP,28,55
michaelfulmer,SFG,RP,33,49
josequijada,FA,RP,30,65
jordanweems,FA,RP,33,51
tomcosgrove,FA,RP,30,38
jeffbrigham,FA,RP,34,34
angelperdomo,LAA,RP,32,52
mattthaiss,FA,C,31,34
nathanwiles,FA,SP,27,71
tommyhenry,ARI,SP,28,47
caseykelly,FA,SP,36,60
claytonkershaw,FA,SP,38,22
yudarvish,SDP,SP,39,11
andrewheaney,FA,SP,35,33
frankiemontas,FA,SP,33,47
kentamaeda,FA,SP,38,18
kylegibson,FA,SP,38,48
xzavioncurry,FA,SP,27,49
iananderson,FA,SP,28,34
allanwinans,FA,SP,30,62
kylehendricks,FA,SP,36,28
shaunanderson,LAA,SP,31,64
brucezimmermann,STL,SP,31,54
caseylawrence,SEA,SP,38,41
connorgillispie,FA,SP,28,55
brandonwalter,HOU,SP,29,60
tylormegill,NYM,SP,30,38
nickmaton,CHW,DH,29,0
nicenright,FA,RP,29,59
brookskriske,ATH,RP,32,48
noahdavis,PIT,RP,29,56
mattsauer,FA,RP,27,64
forrestwhitley,TBR,RP,28,38
chrisdevenski,PIT,RP,35,57
erasmoramirez,FA,RP,36,30
corbinmartin,FA,RP,30,48
randyrodriguez,SFG,RP,26,73
geoffhartlieb,ATH,RP,32,31
wandersuero,ATH,RP,34,39
brettdegeus,PHI,RP,28,74
jpfeyereisen,FA,RP,33,40
pennmurfee,CHW,RP,32,63
sethmartinez,BOS,RP,31,40
tylermatzek,FA,RP,35,68
luarbertarias,FA,RP,25,76
justingarza,FA,RP,32,71
mattbowman,FA,RP,35,51
codybolton,HOU,RP,28,67
jacobbarnes,FA,RP,36,67
luiscontreras,FA,RP,30,73
noahmurdock,PIT,RP,27,58
nickhernandez,ATH,RP,31,52
codypoteet,FA,RP,31,53
toukitoussaint,LAA,RP,30,55
garrettmcdaniels,LAA,RP,26,57
emmanuelclase,CLE,RP,28,48
reedgarrett,NYM,RP,33,75
tylerowens,FA,RP,25,62
calebfreeman,FA,RP,28,68
jessehahn,FA,RP,36,49
carlosduran,FA,RP,24,39
blakesabol,TBR,C,28,18
erichaase,SFG,C,33,13
samhuff,BAL,C,28,31
omarnarvaez,FA,C,34,22
loganporter,SFG,C,30,13
alisanchez,NYY,C,29,29
austinnola,FA,C,36,20
martinmaldonado,FA,C,39,15
robbrantly,FA,C,36,19
tuckerbarnhart,FA,C,35,18
tylerblack,MIL,OF,25,7
nicksogard,BOS,1B,28,20
davisdaniel,FA,SP,29,58
logangillaspie,SDP,SP,29,71
richhill,FA,SP,46,35
gersongarabito,MIL,SP,30,60
luisfcastillo,FA,SP,31,43
luisortiz1,CLE,SP,27,45
enmanuelvaldez,PIT,1B,27,47
billycook,PIT,OF,27,25
luisguillorme,FA,2B,31,0
michaeltoglia,CIN,1B,27,48
luisguerrero,HOU,2B,25,91
timelko,CHW,1B,27,30
donovansolano,FA,1B,38,16
abrahamtoro,KCR,1B,29,21
nikokavadas,LAA,1B,27,20
yuligurriel,FA,DH,42,10
aaronschunk,ATL,SS,28,30
lioverpeguero,PHI,SS,25,31
lukewilliams,ATL,SS,29,37
bobseymour,FA,1B,27,41
carterkieboom,CLE,DH,28,31
mattmervis,FA,1B,28,36
ryannoda,BAL,1B,30,41
logandavidson,TBR,1B,28,21
davidvillar,FA,1B,29,32
jonsingleton,FA,1B,34,35
bobbydalbec,FA,1B,31,31
kestonhiura,FA,1B,29,7
tristinenglish,ATL,1B,29,30
nicksolak,SDP,1B,31,15
chadstevens,COL,SS,27,21
bryandelacruz,PHI,OF,29,14
samhilliard,FA,OF,32,16
cavanbiggio,FA,OF,31,18
kevinpillar,FA,OF,37,1
dazcameron,FA,OF,29,20
seanbouchard,FA,OF,30,12
michaelataylor,FA,OF,35,21
joseazocar,ATL,OF,30,18
mattgorski,FA,1B,28,62
calstevenson,FA,OF,29,47
cooperhummel,FA,OF,31,16
jacobhurtubise,SEA,OF,28,26
jordynadams,FA,OF,26,80
gregallen,FA,OF,33,25
drewavans,COL,OF,30,18
pabloreyes,SDP,OF,32,26
nickmartini,FA,DH,36,35
jonathanornelas,NYY,SS,26,64
nickahmed,FA,SS,36,23
jacobamaya,ARI,SS,27,18
alantrejo,FA,SS,30,31
zackshort,NYY,SS,31,38
trentonbrooks,FA,DH,30,41
lukenbaker,ARI,DH,29,21
cjalexander,ATH,3B,29,
colewaites,SFG,SIRP,28,
rafaelfloresjr,PIT,C,25,
ernestomartinezjr,MIL,1B,27,
geraldogando,BAL,SIRP,25,
dalvinrosario,CIN,SIRP,26,
carlosdrodriguez,ATL,CF,25,
stevenperez,CLE,SIRP,25,
jjdorazio,ARI,C,24,
leandropineda,PHI,RF,24,
eddinsonpaulino,TOR,3B,23,
hancelrincon,STL,SP,24,
listhersosa,ARI,SIRP,24,
edgarisea,ARI,SIRP,23,
luisvelasquez,NYY,SIRP,25,
anthonynunez,BAL,SIRP,24,
andrewnavigato,DET,SS,28,
jaredjohnson,ATH,SIRP,25,
yosbersanchez,DET,SIRP,25,
gabrielsosa,SEA,SIRP,25,
gavincollyer,TEX,SIRP,25,
erickbrito,PHI,SS,24,
benpeoples,CHW,SIRP,25,
shanedrohan,BOS,MIRP,27,
tekoahroby,STL,MIRP,24,
daxfulton,MIA,SP,24,
poyuchen,PIT,SP,24,
braxtonroxby,SFG,SIRP,27,
carsoncoleman,NYY,SIRP,28,
brettauerbach,SFG,2B,27,
jackdashwood,LAA,SIRP,28,
josedavila,STL,SP,23,
juancorniel,ARI,SS,23,
yerlinconfidan,CIN,RF,23,
wilfredveras,CHW,RF,23,
kalairosario,MIN,RF,23,
josefernandez,ARI,SS,22,
joeelbis,ARI,SP,23,
ricardoolivar,MIN,C,24,
brandanbidois,PIT,SIRP,25,
dahiansantos,TOR,MIRP,23,
joshstephan,TEX,SP,24,
elisonjoseph,ATL,SIRP,25,
joseacuna,CIN,SP,23,
aidancurry,TEX,MIRP,23,
yerlinrodriguez,MIL,SIRP,24,
yujanyerherrera,COL,SIRP,22,
adrianrodriguez,TEX,SIRP,25,
juannunez,BAL,SP,25,
antwonekelly,PIT,SIRP,22,
joeldiaz,NYM,SP,22,
yaquirivera,BAL,SIRP,22,
jeraltoledo,PIT,2B,23,
christiancerda,ARI,C,23,
victorarias,TOR,CF,22,
omaralfonzo,PIT,C,22,
ronaldhernandez,NYM,C,22,
esmerlynvaldez,PIT,RF,22,
leobalcazar,CIN,SS,22,
gregorybarrios,TBR,SS,22,
jadherareinamo,TBR,2B,22,
gleiderfigueroa,TEX,3B,22,
pedroramirez,CHC,3B,22,
andyperez,COL,SS,22,
kennycastillo,ARI,C,22,
randelclemente,STL,SIRP,24,
jordyvargas,COL,SP,22,
ricardoyan,ARI,SP,23,
welintonherrera,COL,SIRP,22,
felipedelacruz,NYM,SIRP,25,
diegovelasquez,SFG,SS,22,
jaydennestanista,PHI,SIRP,24,
keythelkey,LAA,SIRP,22,
yendygomez,LAA,SIRP,22,
jaroldrosado,CHW,SIRP,23,
miguelullola,HOU,SIRP,24,
felixarronde,KCR,SP,23,
luisserna,NYY,SP,21,
jhonielserrano,MIA,SIRP,22,
luissuisbel,SEA,3B,23,
edwardduran,TOR,C,22,
frederickbencosme,BAL,SS,23,
spencerpackard,SEA,LF,28,
douglasorellana,NYM,SIRP,24,
gabrielreyes,DET,SIRP,23,
luisalvarez,NYM,SIRP,23,
abimelecortiz,TEX,1B,24,
benjamincowles,CHC,SS,26,
ismaelagreda,TEX,MIRP,22,
austinsmith,COL,SIRP,27,
austinvernon,TBR,SIRP,27,
tysonguerrero,KCR,SIRP,27,
andrewbaker,PHI,SIRP,26,
luisrrodriguez,NYM,SIRP,23,
bjmurrayjr,CHC,3B,26,
loganworkman,TBR,SP,27,
garretthawkins,SDP,SIRP,26,
jayallenii,CIN,CF,23,
noahmiller,LAD,SS,23,
alexpham,BAL,SP,26,
creedwillems,BAL,C,23,
rileymartin,CHC,SIRP,28,
tyleruberstine,BOS,MIRP,27,
jakefox,CLE,CF,23,
ronankopp,LAD,SIRP,23,
gavinconticello,ARI,RF,23,
connorcooke,TOR,SIRP,26,
zacleigh,CHC,SIRP,28,
kevinabel,CIN,MIRP,27,
robbyahlstrom,TEX,SIRP,27,
frankmozzicato,KCR,SIRP,23,
jackhartman,TBR,SIRP,27,
walberturena,LAA,SIRP,22,
reynaldoyean,LAD,SIRP,22,
luichicasilla,COL,SIRP,21,
kendeglysvirguez,CLE,SIRP,22,
keinerdelgado,PIT,SS,22,
samuelmunoz,LAD,LF,21,
yordanydelossantos,PIT,SS,21,
jhonnyseverino,PIT,SS,21,
leandroarias,BAL,SS,21,
victorortega,MIA,C,22,
carlospacheco,ATH,CF,21,
dariolaverde,LAA,C,21,
kelvinhidalgo,COL,SS,21,
capriortiz,LAA,SS,21,
derekbernard,COL,LF,20,
axielplaz,PIT,C,20,
estuarsuero,PIT,CF,20,
luisbaez,HOU,1B,22,
juanvillavicencio,PHI,SS,21,
roynierhernandez,COL,3B,21,
jesusbaez,STL,3B,21,
janselluis,ARI,SS,21,
luislara,MIL,CF,21,
fernandopeguero,BAL,CF,21,
yeremycabrera,TEX,CF,20,
jeralperez,CHW,2B,21,
marvinalcantara,BOS,SS,21,
josealpuria,ARI,CF,21,
thomassosa,BAL,LF,21,
jeffersonrojas,CHC,SS,21,
franyerbermontilla,DET,SS,21,
albertohernandez,HOU,SS,22,
albertobarriga,ARI,C,21,
juanmatheus,NYY,SS,22,
chrissuero,NYM,C,22,
marcovargas,NYM,SS,21,
byronchourio,MIN,CF,21,
josephmontalvo,DET,SP,24,
fernandoperez,TOR,SP,22,
josechirinos,NYM,SP,21,
christianzazueta,LAD,SP,21,
richardfernandez,ATH,SIRP,23,
cristofertorin,ARI,2B,21,
alexanderalbertus,CHW,3B,21,
juanamarante,PHI,SIRP,22,
aldrinbatista,CHW,SP,23,
anyerlaureano,CIN,SIRP,23,
enriquesegura,TEX,SP,21,
hanselrosario,NYY,SIRP,23,
josefleury,HOU,SP,24,
wellingtonaracena,BAL,SIRP,21,
leonelsequera,STL,SP,20,
seanpaullinan,WSN,SP,21,
yuminlin,ARI,SP,22,
luisdeleon,BAL,SP,23,
jhancarloslara,ATL,SIRP,23,
chalnielarias,NYY,SP,22,
santiagosuarez,TBR,SP,21,
wilmysanchez,HOU,SIRP,22,
abdiasdelacruz,ARI,RF,21,
sabiermarte,NYY,SP,22,
jorgelysmota,WSN,3B,21,
eliscuevas,BAL,CF,21,
franyerherrera,NYY,SP,21,
carlosespinosa,LAA,SIRP,24,
yeriperez,KCR,SIRP,21,
liomarmartinez,MIA,SIRP,21,
juanbello,HOU,SP,22,
joglygarcia,CLE,SIRP,22,
davispolo,ATL,SP,21,
yoffrysolano,MIA,2B,21,
yordyherrera,STL,SIRP,21,
ovisportes,CIN,SIRP,21,
tonyblancojr,PIT,1B,21,
joelhurtado,LAA,SIRP,25,
williambergolla,CHW,SS,21,
anderstolhurst,TOR,SIRP,26,
dalestanavich,MIA,SIRP,27,
romeosanabria,SDP,1B,24,
kevinkilpatrickjr,ATL,CF,25,
jackbrannigan,PIT,SS,25,
matthewwood,MIL,C,25,
robertmoore,PHI,SS,24,
loganwagner,LAD,3B,22,
joshwhite,MIA,MIRP,25,
davidmccabe,ATL,3B,26,
nathanmartorella,MIA,1B,25,
tannerschobel,MIN,SS,25,
tjbrock,TOR,SIRP,26,
jacobmiller,MIA,SP,22,
lukeadams,MIL,1B,22,
dominickeegan,TBR,1B,25,
joshkasevich,TOR,SS,25,
bryanrincon,PHI,SS,22,
liamsimon,SFG,SIRP,25,
tylerstuart,WSN,SP,26,
lamarkingjr,SDP,C,22,
marquisgrissomjr,WSN,SIRP,24,
cynielson,PIT,SIRP,25,
marcusjohnson,TBR,SP,25,
wilianbormie,TEX,SIRP,23,
bradennett,ATH,MIRP,24,
benross,MIN,SS,25,
blakeburkhalter,ATL,SIRP,25,
masonadams,CHW,SP,26,
dylanray,ARI,SP,25,
duncandavitt,CHW,SP,26,
chriscampos,LAD,SP,25,
spencergiesting,ARI,MIRP,24,
jackchoate,SFG,MIRP,25,
maxwagner,BAL,3B,24,
haydenwynja,SFG,SIRP,27,
spencermiles,SFG,SIRP,25,
daltonrogers,BOS,MIRP,24,
michaelprosecky,COL,SP,25,
williamkempner,MIA,SIRP,25,
cameronweston,BAL,SP,25,
tracebright,BAL,SP,25,
cjculpepper,MIN,SP,24,
ericadler,CHW,SIRP,25,
brodymccullough,CHC,SP,26,
davidsandlin,BOS,SIRP,25,
trevormartin,TBR,SP,25,
kenyahuggins,ATH,SP,23,
ericreyzelman,NYY,SIRP,25,
ryanjennings,TOR,SIRP,27,
lucaswepf,LAD,SIRP,26,
tylerschweitzer,CHW,SP,25,
andrewpintar,MIA,CF,25,
cameronfoster,BAL,SIRP,27,
jakebennett,WSN,SP,25,
marquesjohnson,SFG,SIRP,25,
peytonpallette,CHW,SIRP,25,
maxrajcic,STL,SP,24,
colepaplham,SDP,SIRP,26,
natefurman,SFG,2B,24,
petehansen,STL,SP,25,
rileycornelio,WSN,SIRP,26,
connornoland,CHC,SP,26,
dominicperachi,PIT,SP,25,
jaredkarros,LAD,SP,25,
thomasbalbonijr,NYY,SIRP,25,
samynaterajr,LAA,SIRP,26,
isaiahlowe,SDP,SP,23,
tylergough,SEA,SP,22,
austinpeterson,CLE,SP,26,
paytonmartin,LAD,SP,22,
michaelknorr,HOU,SIRP,26,
andrewtaylor,HOU,MIRP,24,
wenhuipan,PHI,SIRP,23,
marceloperez,SEA,SP,26,
darrenbowen,MIN,SIRP,25,
luisgastelum,STL,SIRP,24,
garygillhill,TBR,SP,21,
yerenyteus,TBR,MIRP,22,
luiscarias,LAD,SP,21,
samuelsanchez,LAD,SP,20,
francistexido,LAA,MIRP,21,
sandyozuna,COL,SP,20,
yefersonvargas,LAA,SIRP,21,
yuniortur,ATH,SIRP,26,
demetriocrisantes,ARI,2B,21,
pedrocatuy,ARI,CF,20,
yeikerreyes,COL,CF,20,
andruwmusett,BOS,C,20,
anyelomarquez,LAA,2B,20,
juanflores,LAA,C,20,
joshualiranzo,BAL,3B,19,
carlostaveras,WSN,1B,20,
luiyinalastre,MIL,LF,20,
starlynnunez,BOS,SS,20,
miguelrodriguez,BAL,C,20,
braylinmorel,TEX,RF,20,
heribertorincon,NYM,CF,20,
andresvalor,MIA,CF,20,
johngil,ATL,SS,20,
mariobaez,ATL,SS,19,
danieljoselopez,KCR,CF,20,
dashylltejeda,WSN,CF,20,
heribertocaraballo,STL,C,21,
carloscaro,PIT,2B,21,
edgleenperez,PIT,C,20,
jacksonlancaster,TBR,SIRP,27,
mavisgraves,PHI,SP,22,
adrianbohorquez,MIN,SP,21,
yordinchalas,ARI,SIRP,22,
luisarestigueta,ATL,SP,20,
josebello,BOS,SP,21,
kelvissalcedo,DET,SP,20,
jersonalejandro,NYY,SP,20,
marlonnieves,LAD,SP,21,
juanvalera,BOS,SP,20,
bryanmartinez,LAA,RF,20,
dameurypena,MIN,2B,20,
ramonramirez,KCR,C,21,
asbelgonzalez,KCR,CF,20,
michaelkennedy,CLE,SP,21,
jacksonhumphries,CLE,MIRP,21,
davidmatoma,PIT,SP,20,
keynerbenitez,MIA,SP,20,
jacobwosinski,MIN,MIRP,27,
javiermogollon,CHW,2B,20,
ubaldosoto,LAA,SP,19,
josevasquez,LAD,SIRP,21,
brayannarvaez,SFG,SP,21,
yohanfersantana,MIA,SP,20,
michaelvalverde,TEX,SIRP,23,
kylebischoff,MIN,SIRP,26,
joseurbina,TBR,SP,20,
ashtonizzi,ARI,SP,22,
keelermorfe,BAL,SP,20,
eriandysramon,CHC,3B,23,
yasselsoler,ARI,3B,20,
carlosgutierrez,SFG,LF,21,
koltoncurtis,TEX,SP,22,
lisbeldiaz,SFG,RF,20,
brockrodden,SEA,2B,26,
homerbushjr,TBR,CF,24,
riofoster,LAA,RF,23,
sabinceballos,SFG,3B,23,
trentharris,SFG,SIRP,27,
willsimpson,TBR,1B,24,
natenankil,ATH,RF,23,
ryanlasko,ATH,CF,24,
jonahcox,SFG,CF,24,
jackhurley,ARI,CF,24,
ryanignoffo,MIA,C,25,
paulbonzagni,TEX,SP,24,
joshrivera,TOR,SS,23,
brettbateman,CHC,CF,24,
sammystafura,PIT,SS,21,
jacebohrofen,TOR,CF,24,
mikeboeve,MIL,3B,24,
braylenwimmer,COL,SS,25,
colefoster,SFG,SS,24,
charlieszykowny,SFG,3B,26,
yahilmelendez,CHC,SS,20,
willbush,HOU,C,22,
chasejaworsky,MIA,SS,21,
bodavidson,SFG,CF,23,
camdenminacci,LAA,SIRP,24,
haydendurke,ARI,SIRP,24,
romanangelo,ARI,MIRP,26,
ryanlobus,TEX,SIRP,25,
rocriggio,COL,2B,24,
dylancampbell,PHI,RF,23,
carlsonreed,PIT,MIRP,23,
colbylangford,HOU,SIRP,24,
tavianjosenberger,BAL,CF,24,
shengenlin,CIN,SP,20,
charlesmcadoo,TOR,3B,24,
ericbitonti,MIL,1B,20,
alfonsinrosario,CLE,RF,22,
carsonjacobs,CHW,SIRP,24,
izacktiger,TEX,SIRP,25,
chenweilin,STL,SP,24,
jacobodle,STL,SIRP,22,
luisdelatorre,SFG,SIRP,22,
machorvath,TBR,CF,24,
lujamesgroover,ARI,3B,24,
samshaw,TOR,LF,20,
johnpeck,DET,SS,23,
coltonledbetter,TBR,CF,24,
kyleamendt,ARI,SIRP,26,
mattjachec,CLE,MIRP,24,
carsonrucker,DET,3B,21,
kchunt,MIL,SP,25,
bobonds,TOR,SIRP,25,
willjohnston,ATH,SP,25,
sethkeener,CHW,SIRP,24,
christianoppor,CHW,MIRP,21,
bostonbaro,NYM,SS,21,
ajewing,NYM,CF,21,
kylehenley,CIN,CF,21,
patrickreilly,BAL,SP,24,
tjnichols,TBR,MIRP,24,
jadenwoods,PIT,SIRP,24,
jacobbresnahan,SFG,SP,21,
barrettkent,LAA,SP,21,
andrewdunford,DET,SP,21,
tatekuehner,MIL,MIRP,25,
juniorciprian,ARI,SP,21,
tyweatherly,BAL,MIRP,25,
joewhitman,SFG,SP,24,
jadenhamm,DET,SP,23,
kieferlord,BAL,SIRP,24,
isaiahcoupet,COL,MIRP,23,
jackmahoney,COL,SP,24,
joshhansell,KCR,SIRP,24,
jameshicks,HOU,SP,25,
cadengrice,ARI,SP,24,
joshadamczewski,MIL,LF,21,
mattwilkinson,CLE,SP,23,
codyadcock,CIN,SIRP,24,
calelansville,SFG,SP,23,
nigelbelgrave,MIA,SP,24,
joshekness,MIA,SIRP,24,
kademorris,ATH,MIRP,24,
haydenmullins,BOS,SIRP,25,
blakewehunt,BOS,MIRP,25,
owenwild,TBR,SP,23,
jackwenninger,NYM,SP,24,
patrickcopen,LAD,SIRP,24,
braxtonbragg,BAL,SP,25,
cadekuehler,ATL,SIRP,24,
garrettbaumann,ATL,SP,21,
landenmaroudis,TOR,SP,21,
juaronwattsbrown,BAL,MIRP,24,
brettwichrowski,MIL,SP,23,
sambrown,WSN,1B,24,
mauiahuna,SFG,SS,24,
tyjohnson,TBR,SP,24,
jacksonnezuh,HOU,SP,24,
alexclemmey,WSN,SIRP,20,
nellytaylor,BOS,CF,23,
ryanbirchard,MIL,MIRP,22,
kaipeterson,TOR,SIRP,23,
samknowlton,ARI,SIRP,26,
jacksonbaumeister,TBR,SP,23,
khristiancurtis,PIT,MIRP,24,
jojoingrassia,BOS,MIRP,23,
joshgrosz,COL,SP,23,
michaelforret,BAL,MIRP,22,
benshields,COL,SIRP,27,
nickdean,CHC,MIRP,25,
zachfruit,BAL,SP,24,
willsanders,CHC,SP,24,
drewdowd,TBR,SP,24,
blakewolters,KCR,SP,21,
eriqswan,WSN,SIRP,24,
grantrogers,TOR,SP,25,
alonzotredwell,HOU,MIRP,24,
bishopletson,MIL,SP,21,
alejandrorosario,TEX,SP,24,
stevenechavarria,ATH,SP,20,
naziermule,CHC,SIRP,21,
coleschoenwetter,CIN,SP,21,
zandermueth,PIT,SIRP,21,
chriskean,NYY,SIRP,24,
paulwilson,DET,SP,21,
hirowyatt,KCR,SP,21,
adrianherrera,CIN,SP,21,
trevorharrison,TBR,SP,20,
keynermartinez,SFG,SP,21,
alexmakarewich,LAD,SIRP,24,
wyattcrowell,LAD,SP,24,
travishoneyman,STL,CF,24,
dextersperalta,NYY,SS,18,
jirvinmorillo,CIN,C,19,
josecastro,MIA,RF,19,
enddyazocar,BOS,RF,19,
angelbrachi,TBR,SS,19,
yoelroque,MIN,SIRP,19,
josuethquinonez,DET,CF,19,
haydenalvarez,LAA,CF,19,
yairopadilla,STL,SS,19,
pedroblanco,ARI,1B,19,
anthonymarquez,SFG,SS,19,
josefeliz,WSN,SP,20,
kifraidyencarnacion,MIA,SIRP,20,
jordansanchez,BAL,RF,20,
joseanderson,MIL,RF,19,
elvingarcia,BAL,3B,19,
andersonbrito,HOU,SIRP,21,
luismaracara,SDP,SP,18,
gregorysanchez,COL,SP,19,
yhoikerfajardo,BOS,SP,19,
daurifernandez,CLE,SS,19,
juneikercaceres,CLE,RF,18,
juanmateo,ATL,SS,19,
johanrodriguez,CLE,SS,18,
reinoldnavarro,PIT,SIRP,19,
manuelgenao,MIA,SIRP,20,
estebanmejia,BAL,SP,19,
almentolentino,MIA,C,19,
manueldavila,SDP,SP,18,
olivergonzalez,LAD,SP,19,
jeanpierreortiz,CIN,SP,22,
sterlingpatick,LAD,MIRP,21,
argeniscayama,SFG,SP,19,
wilbersondepena,NYY,RF,19,
graysonhitt,ARI,SP,24,
bryanbalzer,SDP,SP,21,
cadenscarborough,TEX,SP,21,
cademcgee,STL,3B,23,
paytongreen,MIA,SS,23,
johnspikerman,PHI,CF,23,
carterjohnson,MIA,SS,20,
teddymcgraw,SEA,MIRP,24,
chinghsienko,LAD,RF,19,
zachehrhard,LAD,RF,23,
billyamick,MIN,3B,23,
dylandreiling,TEX,LF,23,
jaredthomas,COL,LF,23,
khadimdiaw,MIN,C,22,
brandonbutterworth,BAL,SS,23,
huntercranton,ARI,SIRP,25,
fultonlockhart,LAA,SIRP,22,
nickmitchell,CLE,RF,22,
seankeys,TOR,3B,23,
najervictor,LAA,SIRP,24,
davidmershon,LAA,CF,23,
cadenpowell,HOU,3B,22,
tommywhite,ATH,3B,23,
joshkurodagrauer,ATH,2B,23,
emilienpitre,TBR,2B,23,
callanmoss,PIT,1B,22,
ryanstafford,BAL,C,23,
eliserranoiii,NYM,LF,23,
austinovern,BAL,CF,23,
ethananderson,BAL,1B,22,
josephsullivan,HOU,LF,24,
griffinburkholder,PHI,CF,20,
jacobcozart,CLE,C,23,
cadenfavors,CLE,SIRP,24,
omarmontano,MIN,MIRP,20,
marcodinges,MIL,C,22,
lukehayden,CIN,MIRP,23,
kevinbazzell,WSN,C,23,
peytonstovall,CIN,2B,23,
piercegeorge,CHW,SIRP,23,
micahashman,BAL,MIRP,23,
joshmallitz,SDP,MIRP,24,
logansamuels,ATL,SP,24,
tysonhardin,MIL,SP,24,
joshrandall,WSN,SP,23,
herickhernandez,ATL,SIRP,22,
willwatson,NYM,MIRP,23,
carterholton,ATL,SP,23,
dakotajordan,SFG,CF,23,
ryanlambert,NYM,SIRP,23,
aidanfoeller,LAD,SP,24,
twinepalmer,BAL,MIRP,21,
joshhartle,CLE,SP,23,
frankelissalt,STL,SIRP,24,
colehertzler,HOU,SP,23,
brockmoore,SEA,SIRP,26,
ethanbagwell,ATL,SP,20,
blakeaita,BOS,SP,23,
chaseallsup,BAL,SP,23,
chrisarroyo,MIA,RF,21,
brooksauger,LAD,SP,24,
rjaustin,BAL,CF,22,
drewbeam,KCR,SP,23,
landonbeidelschies,ATL,SP,22,
maxbelyeu,COL,RF,22,
codybowker,PHI,SP,22,
brooksbryan,KCR,C,21,
micahbucknam,TOR,SP,22,
justincampbell,CLE,SP,25,
eastoncarmichael,PIT,C,22,
ajcausey,KCR,SIRP,23,
denniscolleran,KCR,SIRP,22,
brandoncompton,MIA,LF,22,
chriscortez,LAA,SIRP,23,
brycecunningham,NYY,SP,23,
briancurley,ARI,SIRP,23,
deancurley,CLE,3B,22,
bradendavis,STL,SP,23,
korbyndickerson,SEA,CF,22,
danieldickinson,MIL,2B,22,
natedohm,STL,SP,23,
josephdzierwa,BAL,SP,22,
danieleagen,ARI,SP,23,
jamesellwanger,MIN,SP,22,
seanepiscope,MIL,MIRP,22,
anthonyeyanson,BOS,SP,21,
drewfaurot,MIA,2B,22,
jalinflores,STL,SS,22,
connorfoley,ARI,SIRP,22,
ryanforcucci,HOU,SP,23,
christianfoutch,BOS,SIRP,22,
tannerfranklin,STL,SP,22,
ethanfrey,HOU,DH,22,
ryangallagher,MIN,SP,23,
henrygodbout,BOS,2B,22,
austingordon,LAA,SP,23,
murfgray,PIT,3B,22,
adonysguzman,PIT,C,22,
davidhagaman,ARI,SP,23,
ethanhedges,COL,3B,22,
griffinherring,COL,SP,23,
lukeholman,CIN,SP,23,
johnholobetz,BOS,SP,23,
griffinhugus,SEA,SP,22,
thatcherhurd,NYY,MIRP,23,
benjacobs,DET,SP,22,
grantjay,SEA,C,22,
lebarronjohnsonjr,COL,SIRP,24,
jacksonkent,WSN,SP,23,
kaedenkent,NYY,SS,22,
kanekepley,CHC,CF,22,
justinlamkin,KCR,SP,22,
lplangevin,KCR,SIRP,22,
camleiter,LAD,SP,22,
alexlodise,ATL,SS,22,
michaellombardi,KCR,SIRP,22,
aidanmajor,CLE,SP,23,
colemathis,CHC,1B,22,
aidenmay,MIA,MIRP,23,
nikomazza,SFG,MIRP,24,
mattmcshane,BOS,SIRP,23,
jbmiddleton,COL,MIRP,22,
jacobmorrison,MIL,SP,22,
masonmorris,CIN,MIRP,22,
masonneville,CIN,CF,22,
cadeobermueller,PHI,SP,22,
colepeschl,MIN,SP,23,
ethanpetry,WSN,1B,22,
jamesquinnirons,TBR,CF,23,
jtquinn,BAL,SP,22,
dominickreid,CHC,SP,22,
jasonreitz,MIN,SP,21,
ajrussell,TEX,SP,22,
michaelsalina,SDP,SIRP,22,
jonathansantucci,NYM,SIRP,23,
nolanschubart,CLE,LF,22,
brettsears,ATL,SP,26,
chaseshores,LAA,SIRP,22,
lukesinnard,ATL,SP,23,
parkersmith,HOU,MIRP,23,
jaredspencer,TOR,SIRP,23,
samstuhr,ATH,SP,23,
devintaylor,ATH,LF,22,
zanetaylor,ATH,SIRP,24,
kavarestears,SDP,RF,23,
yoeltejedajr,WSN,SP,22,
jdthompson,MIL,SP,22,
gavinturley,ATH,LF,22,
landynvidourek,LAD,CF,22,
mikevillani,CIN,SIRP,23,
joeyvolini,MIA,SP,23,
aaronwalton,CLE,CF,22,
masonwhite,BOS,SS,22,
maxwilliams,MIA,RF,21,
malachiwitherspoon,DET,SIRP,21,
jakobwright,LAD,MIRP,23,
gageziehl,CHW,SP,23,
cadecrossland,STL,SP,22,
kylelodise,CHW,SS,22,
masonpeters,SEA,SIRP,22,
nickpotter,HOU,SIRP,22,
colinyeaman,BAL,SS,22,
ethanyoung,STL,MIRP,22,
jackhostetler,MIL,SIRP,22,
cobbhightower,BAL,SS,21,
nickmontgomery,ATL,C,20,
diegotornes,ATL,LF,17,
raudyreyes,ATL,SIRP,17,
crisrodriguez,DET,RF,18,
owenhall,DET,SP,20,
ethanschiefelbein,DET,SP,20,
eddierynders,PIT,3B,20,
wyattsanford,PIT,SS,20,
johandelossantos,PIT,CF,17,
darellmorel,PIT,3B,18,
tysonlewis,CIN,SS,20,
tysouthisene,CHC,SS,20,
drakegeorge,SFG,SIRP,24,
nathanflewelling,TBR,C,19,
logantabeling,LAD,SIRP,24,
brycemeccage,MIL,SP,20,
dasanhill,MIN,SP,20,
weienlin,ATH,SP,20,
hunterdryden,SFG,SP,24,
johnnyking,TOR,SP,19,
yulianbarreto,SFG,SS,18,
cristopherpolanco,TOR,SS,18,
djeanmacares,SFG,CF,18,
josepena,BAL,SS,17,
juansanchez,TOR,SS,18,
brandonclarke,BOS,SP,23,
bostonbateman,BAL,SP,20,
bradysmith,LAD,SP,21,
chaseharlan,LAD,3B,19,
libertsaponte,CIN,SS,18,
treygregoryalford,LAA,SP,22,
kannonkemp,SDP,SP,21,
conradcason,BOS,SP,19,
devinfitzgerald,TEX,3B,20,
kalefountain,SDP,3B,20,
sirjamisonjones,WSN,C,20,
tytuscissell,ARI,SS,20,
elilovich,CHC,RF,20,
shotaromorii,ATH,TWP,19,
dylanjordan,LAA,SP,20,
joeyoakie,CLE,SP,20,
davidshields,KCR,SP,19,
grantshepardson,MIA,SP,20,
maicolreyes,TEX,SIRP,21,
kennyfenelon,MIL,CF,18,
cristopheracosta,MIL,SS,18,
brailynantunez,MIL,CF,18,
enyellopez,TEX,SIRP,20,
warrencalcano,KCR,SS,18,
chasemobley,CLE,SP,20,
colemiller,ATH,SP,21,
kevindefrank,MIA,SP,17,
elianpena,NYM,3B,18,
kendrymartinez,SEA,2B,18,
kevinalvarez,HOU,LF,18,
juancabada,CHC,SS,18,
manicedeno,NYY,SS,17,
aydenjohnson,ATH,3B,18,
wilfridelacruz,BAL,3B,18,
maykelcoret,TBR,RF,18,
yorgerbautista,SEA,CF,18,
warelsolano,TBR,SS,18,
brayancortesia,WSN,SS,18,
breysonguedez,ATH,LF,18,
santiagoleon,MIN,SS,18,
deividcoronil,SDP,SS,18,
haritzoncastillo,MIN,SS,18,
jhoandelacruz,SDP,SS,18,
eliandelacruz,ARI,RF,18,
raymermedina,TBR,2B,18,
elorkyrodriguez,TEX,LF,18,
jhomnardoreyes,MIN,RF,18,
alejandrocruz,CHW,3B,19,
marconigerman,WSN,SS,18,
johanmachado,MIA,SS,18,
danielhernandez,WSN,C,18,
juanrujano,STL,C,18,
juantomas,CHC,SS,18,
kamuelvillar,COL,SS,18,
rubencastillo,NYY,CF,18,
cesaracosta,NYM,C,17,
carlosalvarez,SDP,SP,18,
sadbieldelzine,BOS,SP,18,
adrianpena,MIA,SP,18,
darwingozuna,ATH,RF,18,
royelnystrop,STL,CF,18,
santiagocastellanos,MIN,SP,17,
eliomargarces,TBR,SS,18,
gabrieldavalillo,LAA,C,18,
pedromontero,MIA,SP,18,
eivermosquera,MIA,SP,19,
bradyebel,MIL,SS,18,
nickbecker,SEA,SS,19,
joshowens,TEX,SS,19,
tyharvey,SDP,C,19,
quentinyoung,MIN,3B,19,
josedevers1,CLE,SS,23,
hectorrodriguez1,CIN,RF,22,
yuniormarte1,SFG,SP,22,
jakemiller1,DET,MIRP,25,
seansullivan1,COL,MIRP,23,
antoniojimenez1,NYM,SS,22,
jaredjones1,PIT,1B,22,
michaelmassey1,DET,SIRP,23,
lukedickerson1,WSN,2B,20,
